block,source,speaker_key,rows_dual_scored,rows_text_total,hours,hours_audio_lev,text_mean_prob,text_full_vote_frac,text_full_vote_lb,audio_mean_prob,audio_vote_frac,audio_vote_lb,combined_prob,combined_vote_lb
train,masc_c,zZtR8YkiIkk,30,41,0.03689997222222223,0.03689997222222223,0.959475330511729,0.8292682926829268,0.6873709004537023,0.9778180340925853,1.0,0.886482908609522,0.9381922814413123,0.6093425551277442
train,masc_c,zgPxPT5llDs,31,56,0.025016666666666663,0.02225,0.979495890678898,0.8214285714285714,0.7015856902425105,0.9139359843346381,0.8709677419354839,0.7114724304561464,0.8951965409993516,0.49915887621009203
train,masc_c,DRZnGvIoxaE,24,35,0.027299999999999998,0.02652777777777778,0.9811752339204153,0.8,0.6410806339053748,0.9070407872398695,0.9583333333333334,0.7975777375115778,0.8899659565954365,0.511311641552737
train,masc_c,JJbWyNwTcpw,25,38,0.03037222222222222,0.026605555555555556,0.9901985263824463,0.7368421052631579,0.5799084979362467,0.8943043995648623,0.88,0.7004380781662651,0.8855388985864651,0.40618999380675014
train,masc_c,XU8hHnrpb4Q,22,36,0.030416666666666665,0.02815,0.9661139737476002,0.6111111111111112,0.4486417029674348,0.9067346424986185,0.9090909090909091,0.7218461934161421,0.8760090085989499,0.3238503054947783
train,masc_c,YpmcfdBo9QM,27,31,0.03348333333333333,0.030549999999999994,0.9605841173066033,0.9032258064516129,0.7509971000182296,0.8949456978847997,0.8888888888888888,0.7194181745602704,0.8596706232400124,0.5402809627951716
train,masc_c,4hD_JLhgGH8,23,68,0.016555583333333332,0.014805583333333332,0.9338718108508898,0.45588235294117646,0.34304690695364476,0.9009037395615292,0.9130434782608695,0.7320359570190598,0.8413286066666638,0.25112267083423967
train,masc_c,6mBjw08qVYg,26,42,0.025355527777777775,0.02173886111111111,0.9761589329976302,0.6190476190476191,0.46813768219996377,0.8555261324374721,0.8461538461538461,0.6646841558168644,0.8351294765917521,0.31116370009914646
train,masc_c,dEofWxaL7e8,21,34,0.024838888888888893,0.02008333333333333,0.9923087159792582,0.6764705882352942,0.5084258404811939,0.8410119790406454,0.8095238095238095,0.599990134607267,0.8345435170449976,0.3050504884681244
train,qasr,E28D7397-1991-4847-8DDA-8452500CDB69,115,502,0.13549177777777782,0.12273900000000001,0.923533891076627,0.25298804780876494,0.21693296794694122,0.899833708961808,0.9304347826086956,0.8687098549854324,0.8310269265594117,0.18845180712674678
train,masc_c,8wyz6rRlGRM,24,32,0.030861111111111113,0.02693888888888889,0.9577793454130491,0.8125,0.6469050424507756,0.8540278220316395,0.875,0.6899571185214244,0.8179702083499957,0.4463367390463169
train,masc_c,wbcs4ggCD0Q,30,39,0.04057772222222221,0.03369994444444444,0.9582765400409698,0.7948717948717948,0.6446572703687137,0.8526026089054842,0.8333333333333334,0.6643529481431982,0.8170290780918517,0.42827995811140174
train,masc_c,xnXsxRVOtQU,43,63,0.05553333333333333,0.050883333333333336,0.9319869765015536,0.7142857142857143,0.5929704958526203,0.8696173203372678,0.9069767441860465,0.7839701160146731,0.8104720170945132,0.464871148426857
train,masc_c,JK9YoPhBFoA,21,33,0.029708305555555554,0.024368583333333332,0.9899021273567563,0.6666666666666666,0.49607581799949974,0.8182803986904522,0.8095238095238095,0.599990134607267,0.8100175074380134,0.29764059681692995
train,masc_c,vECdiATxIIE,44,85,0.05662777777777778,0.04931111111111111,0.9376313957301053,0.5529411764705883,0.44723871211307475,0.8621297843373296,0.8636363636363636,0.7329026247825904,0.808359952988705,0.3277824260120578
train,masc_c,NDh39T_wNEk,27,181,0.03576111111111111,0.03576111111111111,0.8256218433380127,0.16022099447513813,0.11393241437978731,0.9772224956088595,1.0,0.8754409628553642,0.8068162381759596,0.09974110254507734
train,qasr,60645756-8728-4C8F-9BD8-65E139BFE7D3,280,427,0.34521113888888866,0.2951889166666667,0.9413471543363162,0.7400468384074942,0.6964345936247087,0.8531178092912471,0.8607142857142858,0.8152564424799744,0.8030800220899476,0.5677727892184667
train,masc_c,0OUv-LIOe5Q,22,28,0.024200055555555558,0.020677833333333336,0.9725319390947168,0.8214285714285714,0.644082084514089,0.8246482865546237,0.8636363636363636,0.6666458812053,0.8019967971941039,0.42937466879944136
train,qasr,90034D30-C253-46AC-97C2-82D878ABBE09,204,505,0.24943349999999986,0.22601124999999989,0.9235151883433846,0.44356435643564357,0.40082145594794527,0.8665600692794553,0.8872549019607843,0.8365060297109271,0.8002813855914725,0.335289564737969
train,masc_c,J80VmQPdEVc,20,30,0.024100000000000003,0.021605555555555555,0.97645423412323,0.7666666666666667,0.5907132766967573,0.8160217411554186,0.85,0.6395767041130426,0.7968078842878189,0.3778064505855278
train,masc_c,8ZHJCYixUUw,36,226,0.04135861111111112,0.03951388888888888,0.8683724436495039,0.19911504424778761,0.15227247596383414,0.9174036086931463,0.9444444444444444,0.8185502589238879,0.7966480134937407,0.12464267462717793
train,masc_c,lNcis1IgBSo,40,62,0.050161111111111115,0.04466666666666667,0.9515791699290276,0.6774193548387096,0.5536785443578454,0.8312718169530854,0.875,0.7388757932976185,0.7910209455616115,0.4090996736942737
train,qasr,685676B5-AABD-4A50-A9AF-3442E09F4176,137,303,0.1873862777777778,0.16659736111111118,0.9017912841191257,0.46534653465346537,0.40996724289018105,0.8759809205560082,0.8759124087591241,0.8102535920218157,0.7899519592120564,0.3321774311630494
train,masc_c,dDsZD0LzVrI,103,362,0.19869175000000003,0.1845389722222223,0.8709960140070869,0.3259668508287293,0.27972688617007374,0.8994154188826057,0.912621359223301,0.8422209571522518,0.7833872447832639,0.2355918458113785
train,qasr,1E324127-7424-4410-835E-F6B8D4604FCF,130,355,0.16040288888888893,0.14087788888888894,0.9328883340725532,0.39436619718309857,0.34491830887243535,0.8394185416803409,0.8615384615384616,0.7917339909033763,0.7830837649377853,0.2730835492192167
train,masc_c,M4WddGEbvug,30,50,0.037000000000000005,0.03350555555555555,0.9166946609814962,0.64,0.5014076201030194,0.852570079639554,0.8666666666666667,0.7031831605558306,0.7815464401181482,0.3525813950308184
train,masc_c,s_FuQQS0-yU,20,35,0.017283333333333335,0.015488888888888885,0.8884862244129181,0.8,0.6410806339053748,0.8744892598828301,0.9,0.6989617935882066,0.7769716608029429,0.4480908697091653
train,qasr,4DBD0D76-3106-47EF-8D74-FB01E24B66E1,286,547,0.34208619444444427,0.2975917499999999,0.9381548683126489,0.5722120658135283,0.5303877486496156,0.8254408137819899,0.8426573426573427,0.7959501071592258,0.7743913179535284,0.422162185373602
train,qasr,858ED536-E96B-4F65-87A5-F2BBA2B1F847,112,282,0.1581611666666666,0.13869724999999997,0.9136532529124192,0.41843971631205673,0.36233705257152,0.8459662657312167,0.8571428571428571,0.7804840379293225,0.7729198305394981,0.2827982858824291
train,masc_c,I2XkOLUFRF8,27,35,0.035777777777777776,0.02956111111111111,0.9656914671262106,0.8,0.6410806339053748,0.7996497393835819,0.7777777777777778,0.5924270453692919,0.7722149300124231,0.37979350578803395
train,masc_c,_r558PWcKRM,26,33,0.03462222222222222,0.027394444444444443,0.9480926738335536,0.8484848484848485,0.6907978686153953,0.8116042969945388,0.8076923076923077,0.6212336384535001,0.7694760880323539,0.42914687335586493
train,masc_c,0ZeXjccLbsM,22,49,0.020088888888888885,0.017377777777777773,0.9220697988163341,0.6326530612244898,0.4926681138688987,0.8259069547903809,0.8636363636363636,0.6666458812053,0.7615438596445777,0.32843516891188507
train,qasr,AB8EA164-2625-40E6-8379-1935493DF044,98,218,0.12730563888888893,0.10670008333333333,0.905190994544905,0.4908256880733945,0.4251986723738823,0.8383456809376129,0.8469387755102041,0.762709561432064,0.7588629607003434,0.32430309292777965
train,qasr,BA1C445F-D37D-4B88-AAB4-56BA823E2B9B,32,233,0.03446666666666667,0.03071944444444445,0.8976405076682568,0.1630901287553648,0.12118633553166609,0.8440309158668242,0.875,0.7193135021517204,0.7576363398063998,0.0871709674242162
train,masc_c,L55HxYl8fFs,36,59,0.04587772222222221,0.03568883333333333,0.9602265109618505,0.6271186440677966,0.49953356682142125,0.7887403422759639,0.7777777777777778,0.6191498017214091,0.7573693869185045,0.3092861088506712
train,masc_c,TxiU20HGuMU,20,33,0.024077777777777778,0.01956111111111111,0.9862637311220169,0.6666666666666666,0.49607581799949974,0.7641407404793427,0.8,0.5839782779742402,0.7536442978074973,0.2896975019400104
train,qasr,B5E963CF-5AC1-4C24-9E25-D9AC089118B6,71,287,0.09369999999999999,0.08113055555555558,0.9149758773790279,0.2787456445993031,0.23005340429394808,0.8230755596018304,0.8450704225352113,0.7434882267163929,0.7530942822959191,0.17104199760857686
train,masc_c,d9drje-fXz4,29,41,0.027994500000000005,0.022655611111111112,0.9364715958463734,0.8048780487804879,0.6598611764744329,0.8036332436885428,0.7931034482758621,0.6160955339174229,0.7525797061922072,0.4065375238313945
train,masc_c,fajES3-TBmY,48,342,0.06638888888888886,0.059999999999999984,0.8601777913669745,0.1695906432748538,0.13353925906431546,0.8738853251561522,0.8958333333333334,0.7783231187385907,0.7516967489008294,0.10393669258897863
train,qasr,BCE7C83F-9B52-41E8-8735-8EA43FDA4C31,184,403,0.24476949999999997,0.202786111111111,0.9253747842234114,0.47890818858560796,0.4305639351620949,0.7972366557753602,0.8206521739130435,0.7588398616163569,0.737742698313118,0.32672907697539816
train,masc_c,eUDCS-T1umM,37,46,0.048400000000000006,0.03825555555555556,0.9536989798416963,0.8260869565217391,0.6927636765607748,0.7711566329439724,0.8108108108108109,0.6579498842904441,0.7354512941368239,0.45580378083378437
train,qasr,D43C04B7-E3FE-4AA1-899E-8AA7D6F4F57C,109,320,0.1410028333333334,0.1212250555555556,0.9036698374179525,0.384375,0.33274721481877495,0.8108488022645619,0.8256880733944955,0.7437283944421204,0.7327396053129581,0.2474735518322548
train,qasr,8060E3AB-A7C6-4D33-AFCC-D24EEBDDAC79,54,281,0.062408416666666675,0.05044450000000002,0.9205351527090426,0.21352313167259787,0.16963975809319862,0.790426110666616,0.8148148148148148,0.6916379770862062,0.727615020487708,0.11732929912097327
train,qasr,CEFDF773-B3E6-4EDA-A107-7C7009131D31,322,501,0.39651952777777816,0.31680005555555574,0.9467000757685359,0.7225548902195609,0.6817673343939589,0.7670065686630912,0.7763975155279503,0.7277805398551943,0.7261251766683132,0.49617699868087217
train,masc_c,zuhL5XkPwTA,66,112,0.06919441666666669,0.05390552777777777,0.9554589228196577,0.7053571428571429,0.6152493563162678,0.7585379203753264,0.7575757575757576,0.6419064250894373,0.7247518243196727,0.39493251485155284
train,qasr,337B3DB1-C236-4CF2-8B5E-F6A41FB5A09D,149,325,0.14873063888888885,0.12036394444444444,0.9290921804088874,0.5692307692307692,0.5148942740076529,0.7797396897936815,0.7986577181208053,0.7271349340771296,0.724450048541761,0.3743976139872462
train,masc_c,csazmn8mfsM,27,49,0.0201,0.01626111111111111,0.9327367146809896,0.9183673469387755,0.8081061295851386,0.7739090966405692,0.7777777777777778,0.5924270453692919,0.721853428262257,0.4787439266949378
train,masc_c,zm4ulaXrS8k,37,59,0.047299999999999995,0.038544444444444444,0.9372449114515975,0.6440677966101694,0.5165525967226601,0.7688963543497831,0.7837837837837838,0.6280453872612309,0.7206441955480186,0.3244184756494775
train,qasr,6E7B8450-6482-425D-B96D-22FE86864835,176,400,0.1945362777777777,0.15521405555555556,0.9057944237508557,0.4925,0.4438103957369542,0.79494862258302,0.8068181818181818,0.7421923940372638,0.7200600295041231,0.3293927001106355
train,masc_c,sZ8NIz_BAYs,30,42,0.025872194444444448,0.02103333333333333,0.9196713944276174,0.8333333333333334,0.6939570379522572,0.7820101713761687,0.8,0.6269395261897257,0.719192384766101,0.43506909656981363
train,qasr,D587853E-7819-48E2-8897-A45032E9867B,164,636,0.18685844444444444,0.1589056388888889,0.8924351534465464,0.29245283018867924,0.25842965325849365,0.8028541141808624,0.8170731707317073,0.7508782389178127,0.7164952345841891,0.1940492029228787
train,qasr,CA9AAA48-D582-495B-961C-AEDDF6A59001,149,328,0.1473472777777778,0.12199727777777773,0.8954139791879078,0.5853658536585366,0.531360948976071,0.8001646485934409,0.8187919463087249,0.7491882408862431,0.7164786120025468,0.39808937463902744
train,qasr,38D3578C-49B0-4D5F-8307-19B845520AF3,62,311,0.06895555555555558,0.058877777777777786,0.8770544769302491,0.26688102893890675,0.2207824523757709,0.8158674443538692,0.8387096774193549,0.7279343069043936,0.7155601946522018,0.16071512144680908
train,qasr,EDF2FDB8-B97F-48B9-9964-9DA0E2D7F8C0,38,275,0.04490002777777777,0.03289722222222222,0.9427197073635302,0.16727272727272727,0.12781075491690802,0.7559297031027534,0.7894736842105263,0.6365391162355784,0.712629828496428,0.08135654498021073
train,masc_c,RPhDmITwGII,74,117,0.08347222222222225,0.06464447222222221,0.9585709757096058,0.717948717948718,0.6304874095354095,0.7425767682599709,0.7702702702702703,0.6625347073337732,0.7118125372902461,0.4177197913541713
train,masc_c,fDRuxTP_jxU,50,82,0.06181666666666667,0.044988861111111104,0.9416254794597626,0.6585365853658537,0.5508753748631217,0.7555951861699577,0.74,0.6044657801100008,0.711487679454775,0.332985313210026
train,qasr,21DA9710-AB14-45F2-B817-B607730B9F7E,104,574,0.12478891666666667,0.10646113888888888,0.8750253927249175,0.2264808362369338,0.19412345336215042,0.8129487364606646,0.8365384615384616,0.753734656692018,0.7113507873867185,0.1463175744757894
train,masc_c,KRmqcfv3yfM,82,382,0.10738888888888887,0.0881111111111111,0.8636934306563401,0.24345549738219896,0.20311050534872796,0.8212233217512598,0.8170731707317073,0.7198761179729022,0.709285188098341,0.14621440210995668
train,qasr,21583C2E-BBFB-4EA8-BEEB-E47058EC9094,107,310,0.12405286111111113,0.0972084166666667,0.9260689036868442,0.3903225806451613,0.3376771210588647,0.7653922000489193,0.8037383177570093,0.7185255265844489,0.7088059155897645,0.24262963122434147
train,masc_c,3Yrh0K6L-HY,62,90,0.08131116666666666,0.06304449999999999,0.9297966880183066,0.7333333333333333,0.6337996218328292,0.7616529267904679,0.7741935483870968,0.6559414245921726,0.7081823687492268,0.4157354268510063
train,masc_c,SNFYQfuBzvY,32,55,0.03229997222222223,0.024588861111111117,0.9438231214880943,0.6363636363636364,0.5042251814868371,0.7475144972995622,0.75,0.5789310822975338,0.7055214661988765,0.291911630039845
train,qasr,CC7CF84C-1AE8-40D3-8C3A-20816784E153,306,673,0.32552802777777734,0.25847524999999993,0.9202775366945204,0.5304606240713224,0.49268843935935547,0.765274944198371,0.7908496732026143,0.7418143522512981,0.7042653405409135,0.3654833555050632
train,qasr,2D91DA29-DD53-49F1-B35F-7DE894BE846F,183,384,0.2510974444444444,0.20594452777777772,0.8979449487123333,0.515625,0.46573217550726487,0.7811824544018028,0.8032786885245902,0.7397025667042246,0.7014588389528015,0.34450328561946625
train,qasr,E4091CC0-85C9-4204-815B-287393C9DD66,86,402,0.12465833333333333,0.09941388888888887,0.8925151824951172,0.22885572139303484,0.19046974538001113,0.7852578478947222,0.8023255813953488,0.7060389309236785,0.7008545514194809,0.1344790554014083
train,masc_c,l1BkIloTY_8,29,37,0.0445888888888889,0.03384997222222222,0.9715437478032606,0.7837837837837838,0.6280453872612309,0.7209298515929198,0.7241379310344828,0.5428252365556403,0.7004148899198337,0.34091888590775643
train,masc_c,jCH2aWQc9g0,46,65,0.062366638888888895,0.04415,0.9666892341945482,0.7230769230769231,0.6041913125777423,0.724411883042194,0.717391304347826,0.5745116426970621,0.7002811684594891,0.34711494349233285
train,qasr,FBE1FCEC-B7AF-471E-A175-2B747332BC84,166,432,0.22441674999999994,0.17168336111111107,0.9191995880689966,0.4537037037037037,0.4073696311651709,0.7610862581716803,0.7650602409638554,0.6950219432545146,0.6995901749963825,0.28313083267529193
train,masc_c,0dcU-Jfz-VE,22,30,0.027711083333333334,0.022422194444444443,0.9646815007383173,0.7666666666666667,0.5907132766967573,0.7230273444544185,0.7272727272727273,0.5184787630099803,0.6974911037231287,0.30627228899530695
train,masc_c,GUoL1W_4f1Y,43,236,0.04835502777777777,0.03892722222222222,0.8728952851406363,0.2584745762711864,0.20680111475048107,0.795833122992325,0.7906976744186046,0.6479406820576337,0.6946789808187486,0.13399485534170566
train,qasr,45EFE1EC-57D1-4BE0-A31A-039C771F98D8,90,349,0.11320002777777782,0.09105836111111114,0.8815185533629524,0.3008595988538682,0.25512334002090276,0.7860333273898706,0.8,0.7058607285729566,0.6929029616557867,0.18008154666312054
train,qasr,2C0B7212-DE22-4D16-9315-B2B57CB43389,73,569,0.0815445,0.06545283333333334,0.88554389836037,0.13884007029876977,0.11284228836901992,0.7788276043640807,0.8082191780821918,0.7034428294648695,0.6896860329192359,0.0793780986135941
train,masc_c,eX3zywgC3kU,52,87,0.06847780555555556,0.04975558333333332,0.9452253511318793,0.6666666666666666,0.5624216326943015,0.7272188418473189,0.7115384615384616,0.5772695428589908,0.6873856851348507,0.3246688787994466
train,qasr,8EBAD1F5-D2AA-4D54-9360-F30278EC15FD,102,712,0.10392227777777778,0.08690558333333336,0.8569996187499925,0.19382022471910113,0.16645913799899192,0.8015943791283016,0.8333333333333334,0.7492107842584269,0.6869660773050914,0.12471298132720646
train,masc_c,tU8CKLinYUY,45,327,0.06318613888888887,0.0544111111111111,0.8248525751961602,0.16819571865443425,0.1315592967386277,0.8310234750931461,0.8444444444444444,0.712158094887512,0.6854718534790436,0.09369101813012198
train,qasr,EFCE2698-0B45-4AF2-97F2-2CB2830146ED,97,590,0.12352502777777775,0.10620836111111111,0.8234093643955349,0.21694915254237288,0.1855788418833357,0.8308964096412984,0.8556701030927835,0.7722041904209147,0.6841678845412735,0.1433047593557722
train,masc_c,siwAJXTZpa8,61,362,0.09430555555555549,0.07886111111111108,0.8154495417094622,0.20165745856353592,0.16355504860887374,0.8385071111384963,0.8360655737704918,0.7238692567544833,0.6837602394980119,0.11839247147494883
train,masc_c,djfG5REpsJE,24,109,0.03527777777777778,0.030088888888888884,0.8464672590295473,0.22018348623853212,0.1526627048081528,0.8075906932547999,0.875,0.6899571185214244,0.6835990805371625,0.10533071991511991
train,masc_c,93_Yi25FTno,45,66,0.05510558333333335,0.03947222222222222,0.9569918500052558,0.696969696969697,0.5778096544417833,0.7129068087269035,0.7111111111111111,0.5663118252773978,0.6822460057649024,0.3272204400698288
train,qasr,919BD94D-14FC-47E9-B6AA-0D96F9170E4A,180,417,0.22125838888888885,0.1731750277777777,0.9173861775133345,0.48201438848920863,0.4344379366370622,0.7421547862520027,0.7611111111111111,0.6937747633253338,0.6808425424829506,0.3014020766699242
train,masc_c,7Jn6mAMKVkw,43,98,0.056505527777777786,0.043277750000000004,0.9434167313021283,0.46938775510204084,0.37360789598305366,0.7186855315880547,0.7209302325581395,0.5730868709987059,0.6780199550449351,0.2141097800893382
train,masc_c,Mj8pncUA8tY,29,216,0.03421944444444445,0.028658333333333334,0.8395492311181694,0.16666666666666666,0.12288372263838802,0.8075536364882157,0.8275862068965517,0.6545119942718489,0.6779810346003631,0.08042887036760009
train,masc_c,DUa_ey1YWds,78,393,0.09667777777777778,0.07858611111111115,0.8586973242270641,0.25699745547073793,0.21629160110637546,0.7891462142680001,0.7948717948717948,0.692458195735871,0.6776377426158491,0.14977289185494347
train,qasr,D688DB2E-D4D9-44C2-B33E-7FB96CE87755,44,256,0.06708058333333332,0.05138613888888887,0.9297992993484844,0.1875,0.14443726168228893,0.727868234309426,0.7272727272727273,0.581508453144907,0.6767713742789228,0.08399148861735398
train,qasr,1A6DD101-AB77-45B4-96E8-5B489D2752E1,78,451,0.09570558333333334,0.07275280555555556,0.9004024947300936,0.18625277161862527,0.15302618923716485,0.7491429121541725,0.7692307692307693,0.6644403349060594,0.6745301470129843,0.10167677242613983
train,qasr,CA9D5449-27C1-4157-9B04-79A1F35890A0,56,277,0.07763619444444446,0.06335008333333335,0.8683512040546962,0.2527075812274368,0.20515254314034537,0.7763684699436583,0.7857142857142857,0.6618028634399505,0.6741604956656779,0.13577054049226855
train,qasr,624A1B34-9292-4BE1-A25F-93F43AB29E99,120,666,0.14064730555555555,0.11579727777777775,0.8554220353563626,0.21771771771771772,0.18804123083434332,0.7869316605865606,0.8,0.7196316465662728,0.673158682785318,0.13532042056766708
val,masc_c,Uvmh8BdiZMs,27,50,0.025944472222222226,0.01778891666666667,0.9554439120822482,0.64,0.5014076201030194,0.7043536424106505,0.7037037037037037,0.515189666191624,0.6729703995942128,0.2583200244268112
val,masc_c,p28D3aglUxk,21,32,0.018294444444444443,0.012416666666666664,0.9644638895988464,0.84375,0.6824550744643347,0.6975089424688902,0.6666666666666666,0.45373075657210293,0.6727221876835238,0.30965085726317343
val,masc_c,gUJzW1PAfnI,24,33,0.02358336111111111,0.016638916666666666,0.9477012902498245,0.8484848484848485,0.6907978686153953,0.7094132678660875,0.7083333333333334,0.5083193634129031,0.6723118692770355,0.351145932821568
val,masc_c,0xooTRqYDb0,50,86,0.06852219444444446,0.04826663888888888,0.9392190563678742,0.627906976744186,0.5223363580204515,0.7142639368399978,0.7,0.562493877226366,0.6708503007564656,0.29381100323922305
val,masc_c,VOkm6J5nNXg,106,325,0.24240002777777772,0.17928611111111112,0.9007545321617486,0.3476923076923077,0.2979670262726078,0.7438395476080741,0.7452830188679245,0.654772057573926,0.6700168437091175,0.19510048288169946
val,qasr,F676D965-5468-438D-99EE-808AE5D7B3D2,121,368,0.16580005555555552,0.11966944444444445,0.921694631418906,0.3451086956521739,0.2983610163169568,0.7264875847584575,0.743801652892562,0.6593567360064447,0.6695997066643578,0.1967263458703142
val,masc_c,GDg1IF-jp5Y,66,115,0.08637775,0.06608886111111112,0.9364218215147654,0.6347826086956522,0.5437476062484989,0.7139737963831673,0.7424242424242424,0.6256667257006108,0.6685806429229377,0.3402047844090433
val,masc_c,d7ouP5Ce2aE,43,170,0.042605555555555556,0.03280555555555556,0.8980458115422448,0.2647058823529412,0.20411663917448855,0.7434247592139209,0.7674418604651163,0.6225519170056059,0.6676294912088636,0.1270732050108194
val,qasr,D5472774-910B-490F-99E3-51B9477AFF6E,237,683,0.26199736111111116,0.2056473333333334,0.8961048199154656,0.4158125915080527,0.37942067997055623,0.7443609394256875,0.7468354430379747,0.6878406056832066,0.6670254255761625,0.2609809503196815
val,masc_c,I_bk1ySlTSw,30,49,0.03635552777777777,0.025188861111111113,0.9431564589341481,0.6530612244897959,0.5131093521943978,0.7070145059376955,0.7,0.5212387898833981,0.6668252978352732,0.2674524978156622
val,qasr,B3870097-4F79-422F-B849-3F7B396CD5D1,31,216,0.04057499999999999,0.030058333333333333,0.8910148239904835,0.1574074074074074,0.11488138493825321,0.7478958851922559,0.7741935483870968,0.6018723994130262,0.6663863205077848,0.06914393480067794
val,masc_c,rfzlfCMhivY,20,32,0.032938888888888886,0.028227777777777775,0.8746848285198212,0.625,0.4525410058952512,0.7616951541975141,0.8,0.5839782779742402,0.6662431953336314,0.26427411733543926
val,masc_c,QVooN7BH9R4,28,94,0.04496805555555555,0.03705138888888889,0.8366290777921677,0.30851063829787234,0.2241995789114178,0.7957312665613634,0.7857142857142857,0.6046105292072612,0.665731915713627,0.13555342605367746
val,qasr,98A6061E-1223-401B-B0F8-2D9CE1DC2681,331,797,0.34227791666666696,0.2551750555555556,0.9181763416330619,0.5734002509410289,0.5387914996554592,0.7240137347406912,0.7371601208459214,0.6872128020585685,0.6647722822562979,0.37026441620356637
val,qasr,7683087C-362E-4AD0-A59F-3B83FDDE27A9,160,580,0.20125011111111116,0.15660844444444438,0.8948551330715417,0.30344827586206896,0.2674261199902425,0.7412569591839201,0.75,0.6775748906186185,0.6633175948507332,0.18120122400095012
val,masc_c,wok0t4odKnI,51,73,0.05640002777777776,0.044238916666666656,0.9309475375156776,0.7397260273972602,0.6289029493194099,0.7110677789896727,0.7058823529411765,0.5700066466848335,0.6619667978571778,0.35847886123175865
val,qasr,20E8A494-05B2-453A-A715-CDD599A30E9D,183,472,0.25219169444444445,0.17568613888888887,0.9293911141124579,0.4025423728813559,0.3592581201554423,0.7118222803433103,0.7103825136612022,0.6408736196754811,0.6615613021783395,0.2302390518618272
val,masc_c,g2icTOBvpmg,31,93,0.023249944444444445,0.015377749999999997,0.9479076573925633,0.6666666666666666,0.5659327976152322,0.6970465686472673,0.6774193548387096,0.501406855599508,0.6607357799799558,0.28376258453288633
val,qasr,459A4293-3CB3-416F-807E-ADF12943B945,98,607,0.1027389166666666,0.08397780555555551,0.8527961671352386,0.21087314662273476,0.18029029755665807,0.7737642633027815,0.7959183673469388,0.7056878495916334,0.6598631980108336,0.12722867238499375
val,qasr,B10FCF69-3571-42B3-A8EB-B244A6F9158A,106,704,0.10718061111111113,0.08266116666666667,0.880889856590415,0.20170454545454544,0.17371757564868637,0.7486060477468133,0.7547169811320755,0.6648534502859221,0.6594394740424077,0.11549672954533483
val,masc_c,CWCyLq4Dwsc,84,147,0.08358750000000004,0.05974861111111111,0.9307521993205661,0.6802721088435374,0.6011130925685308,0.7057873562277693,0.7142857142857143,0.6099775866784931,0.6569131340616441,0.36666551352579807
val,masc_c,5MMFZ5W7x1U,22,162,0.02750969444444445,0.02260552777777778,0.8200342140414498,0.16049382716049382,0.11194104305547943,0.8000940272521059,0.8181818181818182,0.6148297802336214,0.656104476796939,0.06882468690092278
val,masc_c,jm22HoM5Zg8,72,114,0.09307783333333329,0.06751113888888888,0.9443928723533949,0.6842105263157895,0.5940639890594854,0.6932301589921634,0.7083333333333334,0.594940392251052,0.6546816210526099,0.35343266267327494
val,qasr,4904DB47-7B99-463B-9DA3-DFE0C4D7AA44,71,232,0.10427502777777779,0.07747502777777779,0.9270454225405841,0.31896551724137934,0.26235703165529384,0.7041358995787524,0.7323943661971831,0.6194579122102354,0.6527659625509789,0.16251913908286295
val,qasr,042F55A4-552B-4B1B-89D0-4A58BFC2937E,139,593,0.1747361666666667,0.12986394444444446,0.8996700219970812,0.2782462057335582,0.24369216752726996,0.7235154859294944,0.7338129496402878,0.6547730433219985,0.6509251931414172,0.15956306216556485
val,qasr,737F989E-700B-4235-BE86-4D3FA1A4D918,127,688,0.13400833333333337,0.10219444444444443,0.8844491553118848,0.2238372093023256,0.1942732724958758,0.7335356329237734,0.7401574803149606,0.6576311525828926,0.6487749709306002,0.12776015610751318
val,masc_c,7LxaBTbauCs,75,314,0.12016666666666666,0.09163888888888891,0.8710391402244568,0.25477707006369427,0.20974511816988428,0.7436391389323398,0.76,0.6522102034171384,0.6477387962128807,0.13679790618733195
val,qasr,5CA29699-EA91-420A-B42C-E945AB0E82BF,97,270,0.1133972222222222,0.0844361111111111,0.9132675110679311,0.43333333333333335,0.3755688037760219,0.7083330021141404,0.7216494845360825,0.6253217812082499,0.6468975178480566,0.2348513533434737
val,qasr,5D0C58CD-94AC-408E-A92F-6A7A7F5E9C60,70,261,0.07878891666666667,0.05738336111111111,0.903851272378649,0.29118773946360155,0.23941675041555643,0.7129217316213596,0.7142857142857143,0.5994958195463385,0.6443752142323557,0.14352934100349518
val,qasr,4F335A13-4FE6-4811-97AD-5AA083FFD459,173,492,0.20858336111111114,0.15713611111111123,0.9289040544818592,0.4532520325203252,0.40979517500561297,0.6920925084613546,0.7283236994219653,0.6576144191557001,0.6428875371862728,0.2694872159841246
val,qasr,68F25D67-2244-4BB3-AF93-6C936073676C,30,287,0.038713888888888874,0.027388888888888886,0.9355969965457916,0.12195121951219512,0.08900664238489908,0.6841003845523422,0.7,0.5212387898833981,0.6400422651229924,0.04639371456828917
val,masc_c,uKBBoJplMQg,26,41,0.025605583333333334,0.02002780555555556,0.8770905091212347,0.6585365853658537,0.5054955435372689,0.7290740837880338,0.7307692307692307,0.5391659658023868,0.6394639593367443,0.2725459929400741
val,qasr,53EF773D-9E48-4606-AA8D-D5EE8D9CAB52,82,718,0.08501119444444448,0.06660563888888889,0.8537456073412081,0.1573816155988858,0.13257642270432296,0.7478959429242489,0.7682926829268293,0.6662254441389153,0.6385128760198884,0.08832578609853614
val,qasr,58249DA4-EFDC-4C03-BA28-254C9C105FBE,132,618,0.16058625,0.12590561111111107,0.8612854426557367,0.2702265372168285,0.23671325359842105,0.7407196374221133,0.7651515151515151,0.6859732428800432,0.6379710408009017,0.16237895820359496
val,qasr,36A86DBF-8177-48C6-9CF3-79603AEB1FF0,107,431,0.13643055555555555,0.10174444444444444,0.9028927956786111,0.26450116009280744,0.22507274175853773,0.7031240049764844,0.7289719626168224,0.6379066413678491,0.6348455985619597,0.14357539675864206
val,masc_c,ZTeb9bGPSdc,31,42,0.042874999999999996,0.030275000000000003,0.9286296079235692,0.7380952380952381,0.5893098001502446,0.6833281778062003,0.6774193548387096,0.501406855599508,0.6345587778392987,0.2954839738673086
val,masc_c,yIDVDC0mtzQ,52,402,0.06166669444444444,0.04713891666666666,0.8438052202646549,0.15920398009950248,0.12668809110655485,0.7509989454075157,0.7692307692307693,0.6386595708887026,0.6336968305481123,0.08091056190282118
val,masc_c,ajJyO5vk3XI,34,329,0.047722222222222214,0.03325,0.8615927380674026,0.1398176291793313,0.10648609993077485,0.7353521377800087,0.7058823529411765,0.5383077411853625,0.6335740618335955,0.0573222919213742
val,masc_c,KAEA_qlHCew,71,427,0.1049999999999999,0.08055555555555548,0.8159830536640865,0.19672131147540983,0.16179151677970016,0.7763540406258855,0.7746478873239436,0.6648460480022997,0.6334917407943623,0.10756645053128142
val,masc_c,brXnLYWq7FM,43,402,0.04762002777777778,0.037497805555555555,0.8151594982590786,0.13432835820895522,0.10443255992240869,0.7771024096887126,0.813953488372093,0.6738270676469403,0.633462410377772,0.07036948561938003
val,qasr,2A2BA75E-37BD-4752-9FD4-069D4F47A17B,211,354,0.24309455555555548,0.15080005555555562,0.9532474126860994,0.655367231638418,0.6044295463400007,0.6639493885750759,0.6587677725118484,0.5924654761030224,0.6329080368137088,0.3581036389430623
val,qasr,44C9298F-AEEF-4D8F-99C6-1C9782815FC2,95,183,0.12895002777777778,0.09242780555555556,0.9415882436852706,0.5683060109289617,0.4958648039695103,0.6713450885132739,0.6736842105263158,0.5742532416248357,0.6321306427999461,0.284751971087155
val,qasr,EDA46128-5B41-45CE-9914-8C698DA9244F,34,239,0.044591666666666654,0.03228333333333333,0.8763847193297218,0.1506276150627615,0.11082832577260819,0.7210827072481419,0.7352941176470589,0.5688253783710155,0.6319458660051789,0.06304196434183003
val,qasr,08D2DD63-FDEC-45E5-956F-C8FBE2E7B58A,96,700,0.10562777777777778,0.0878361111111111,0.8366989164302746,0.18,0.15330965954857173,0.7551694434538755,0.7916666666666666,0.6999956838747691,0.6318494550591112,0.10731609998031048
val,qasr,53B4FAC2-075F-4D7A-AC2A-8D6AD8420B14,79,269,0.10061944444444444,0.07299166666666668,0.8950586605675613,0.31226765799256506,0.25985865963942817,0.7058578702975565,0.7215189873417721,0.6141734225170346,0.6317841999396024,0.15959828236143678
val,masc_c,h1JVpTljTSY,51,351,0.06858333333333333,0.0538611111111111,0.8669348966841605,0.17094017094017094,0.13517096114378574,0.7285732352448737,0.7843137254901961,0.6537337712118704,0.6316255624238591,0.08836582218686025
val,qasr,E9164CFB-44A3-4572-BDAD-178898D6A5B0,76,246,0.07914724999999999,0.05978891666666665,0.897796022264581,0.36585365853658536,0.30815350784437845,0.70338727823477,0.7105263157894737,0.6004023269144307,0.6314983005106866,0.1850160831566091
val,masc_c,r-3byCsRXIM,28,355,0.02590336111111111,0.021662805555555557,0.8285337303365979,0.14647887323943662,0.11348359292690526,0.7621769434107202,0.8214285714285714,0.644082084514089,0.6314893061006301,0.07309274909050946
val,qasr,EFC63548-4D8F-4A0B-A448-E5AB3C7B09F6,107,270,0.14040283333333337,0.10257502777777776,0.9145718099914979,0.4444444444444444,0.3863642601955544,0.6904240503847908,0.7102803738317757,0.6182267641098055,0.6314423734220793,0.23886072634837652
val,masc_c,zbgmk6Z25J8,24,51,0.020683361111111107,0.014866666666666669,0.8878943820794424,0.6078431372549019,0.4708491122516505,0.7097789596300572,0.7083333333333334,0.5083193634129031,0.6302087507737192,0.23934172100328951
val,qasr,F7BA4F7C-E99B-4B3C-83B4-90C995707FB9,287,621,0.34941405555555527,0.21956680555555552,0.9410722887059122,0.5185185185185185,0.47922642945723004,0.6695208292497478,0.686411149825784,0.6305708623438102,0.6300674991183404,0.30218622288079067
val,qasr,481097D6-FCBA-4FA1-88BD-035FB9699895,144,309,0.16125558333333329,0.10513613888888887,0.9388037245306704,0.517799352750809,0.462208572807876,0.6710310239564529,0.6736111111111112,0.5933813653547764,0.6299664245659474,0.27426595401142
val,qasr,8B73FE6D-A710-4FE2-BE34-88F99E83278C,106,703,0.11503063888888886,0.09091391666666666,0.8170096418767605,0.19914651493598862,0.17129488500735676,0.7674356063988218,0.7924528301886793,0.705694607192994,0.627002289947376,0.12088187658943571
val,qasr,7E7FA955-8D0F-484B-8998-40CBF0410B30,130,731,0.13613613888888887,0.10604447222222217,0.8659780722398024,0.21203830369357046,0.1839512120201401,0.7224385565005762,0.7538461538461538,0.6732170876497235,0.6256159484700745,0.12383909922583552
val,qasr,21D7ECE7-5FC6-4C93-8555-CE33EE0C0E91,141,269,0.2181083333333333,0.16031111111111107,0.8960005416937754,0.587360594795539,0.52770070909197,0.6954657820351455,0.723404255319149,0.6443895323731718,0.6231377174329755,0.3400448131647657
val,qasr,BA168052-0664-434E-890C-76211897E909,172,377,0.22248341666666663,0.16580561111111108,0.9260879848585573,0.5039787798408488,0.4537228584071579,0.6726834173067229,0.7151162790697675,0.6435372557719273,0.622964030381351,0.29198756318033714
val,masc_c,GK7w1VLCdHU,48,85,0.05648333333333335,0.03998888888888889,0.9273759027322134,0.6352941176470588,0.5291793557946364,0.6707803826623907,0.6666666666666666,0.5253984633247204,0.6220655629065941,0.27803002035766744
val,masc_c,mI8n5g4e0rg,26,55,0.036288888888888884,0.024933333333333335,0.9108123962695782,0.509090909090909,0.38076038407484447,0.6827959971359143,0.6538461538461539,0.46220229009632996,0.6218990583146382,0.17598832149735127
val,qasr,981A9714-ABA1-40D3-824A-DEF1FBC12641,114,700,0.12673894444444445,0.09685280555555557,0.8504348988072914,0.2042857142857143,0.1760697651473242,0.7311771586430137,0.7456140350877193,0.6585664892117132,0.6218185729207742,0.11595364708940416
val,masc_c,dXPnzMr47hQ,51,78,0.06975008333333335,0.04377227777777778,0.9351529584211462,0.7051282051282052,0.5962399656958183,0.6601685553825661,0.6470588235294118,0.5098580497281073,0.617358577622621,0.30399774607962354
val,masc_c,doVPAy_olrc,25,45,0.030688888888888894,0.019377777777777782,0.9560676980018615,0.5777777777777777,0.4330053279594451,0.645344295874238,0.64,0.44518154601046633,0.616992835375115,0.19276598133175477
val,qasr,DC4108CF-67C7-4DE3-AACC-9AC0CAC24691,143,729,0.14824450000000006,0.11061394444444446,0.872690083680453,0.26474622770919065,0.2340119966327118,0.7061507259340879,0.7342657342657343,0.6564279437044778,0.6162507361064318,0.15361201375179018
val,masc_c,PHJbC-YJUQw,65,428,0.07802777777777774,0.05949999999999998,0.8366885084372301,0.19158878504672897,0.1571122157447634,0.7357260970515199,0.7538461538461538,0.6369398600835173,0.615573570760381,0.10007103271388099
val,qasr,EFBBE307-DDB5-4643-A66A-405290CDC6B5,47,298,0.0640861111111111,0.04664722222222221,0.8901393629134969,0.174496644295302,0.13562212492453882,0.6911001979791995,0.6808510638297872,0.5383238911447854,0.6151754899385963,0.07300863001470193
val,qasr,CAFDE1F4-37A9-427C-8FBE-9538C1BFCFB3,161,659,0.18689447222222227,0.12754725,0.89011595004834,0.2867981790591806,0.2535809769467432,0.6903372913622876,0.6832298136645962,0.6078118236704374,0.6144802339547403,0.15412951604613112
val,qasr,D3494D43-59DC-4960-A30D-69D06C8E6062,40,336,0.045997277777777776,0.030327777777777773,0.9073630109429359,0.13690476190476192,0.10423207320538246,0.6769393950315135,0.675,0.52017458088898,0.6142297677016836,0.054218874994799306
val,qasr,257A73A8-EFB2-444C-8AFD-ABD8D8BC3E98,156,331,0.19561388888888884,0.1319222222222222,0.905408039689064,0.5287009063444109,0.47490313244776694,0.6774235704577176,0.6987179487179487,0.6226525096249272,0.6133447469672887,0.2956996272473413
val,masc_c,suXI2sqYp98,51,422,0.06449997222222222,0.05119441666666666,0.8159338446224437,0.14454976303317535,0.11420341764679917,0.7515577646988152,0.7647058823529411,0.632375118636542,0.6132214164065541,0.07221939978309319
val,qasr,01E4B05D-E8C2-4F92-819F-140B607ABA50,155,371,0.19743061111111107,0.13734447222222215,0.9207000194057342,0.49326145552560646,0.4427173921566372,0.6659184384661081,0.6967741935483871,0.6203739026051529,0.6131111192183819,0.27465031632338893
val,masc_c,cloD3eO5DxU,68,104,0.0805944722222222,0.05511669444444445,0.9343553106574451,0.6634615384615384,0.5682644758725168,0.6553318710520055,0.6617647058823529,0.5433701723652863,0.6123128139605214,0.30877796620391856
val,masc_c,p8S6C581N0c,57,325,0.08497222222222223,0.06330555555555555,0.854516583576537,0.22153846153846155,0.17978830672777998,0.716409259445132,0.7368421052631579,0.6102317358473626,0.6121835928236512,0.10971253049955124
val,qasr,D5498A63-7296-45D3-8C95-6395238960C1,211,662,0.2269361388888889,0.16280277777777782,0.8891168070065467,0.4078549848942598,0.37105459184501566,0.6885285618443536,0.7014218009478673,0.6365193190135904,0.6121823164398613,0.2361834161180551
val,qasr,4A149C20-6EC0-4123-AC8D-B9E7CB25A879,124,420,0.17507505555555553,0.12201391666666665,0.9009036614048865,0.3261904761904762,0.28310480325696047,0.6781394356087642,0.7016129032258065,0.6160078245925817,0.6109383004829789,0.17439477398603107
