block,source,speaker_key,rows_dual_scored,rows_both_agree,rows_text_total,hours,hours_audio_lev,hours_both_agree,text_mean_prob,text_full_vote_frac,text_full_vote_lb,audio_mean_prob,audio_vote_frac,audio_vote_lb,audio_prob_sd,align_frac,align_lb,score_sum,score_product,score_sum_align,score_product_align,combined_vote_lb
val,masc_c,zZtR8YkiIkk,30,27,41,0.03689997222222223,0.03689997222222223,0.03482219444444445,0.959475330511729,0.8292682926829268,0.6873709004537023,0.9778180340925853,1.0,0.886482908609522,0.0805243310900773,0.9,0.7437855868473338,0.9686466823021571,0.9381922814413123,0.7204654410438328,0.6978138966274654,0.6093425551277442
val,masc_c,JJbWyNwTcpw,25,22,38,0.03037222222222222,0.026605555555555556,0.026605555555555556,0.9901985263824463,0.7368421052631579,0.5799084979362467,0.8943043995648623,0.88,0.7004380781662651,0.27671007841361434,0.88,0.7004380781662651,0.9422514629736543,0.8855388985864651,0.6599888038746181,0.6202651642673748,0.40618999380675014
val,masc_c,XU8hHnrpb4Q,22,19,36,0.030416666666666665,0.02815,0.026783333333333336,0.9661139737476002,0.6111111111111112,0.4486417029674348,0.9067346424986185,0.9090909090909091,0.7218461934161421,0.2575663097869723,0.8636363636363636,0.6666458812053,0.9364243081231094,0.8760090085989499,0.6242634080707936,0.5839877974812282,0.3238503054947783
val,masc_c,6mBjw08qVYg,26,22,42,0.025355527777777775,0.02173886111111111,0.02173886111111111,0.9761589329976302,0.6190476190476191,0.46813768219996377,0.8555261324374721,0.8461538461538461,0.6646841558168644,0.31600316438601017,0.8461538461538461,0.6646841558168644,0.9158425327175512,0.8351294765917521,0.6087460207205445,0.5550973311461685,0.31116370009914646
val,qasr,60645756-8728-4C8F-9BD8-65E139BFE7D3,280,205,427,0.34521113888888866,0.2951889166666667,0.2548555833333333,0.9413471543363162,0.7400468384074942,0.6964345936247087,0.8531178092912471,0.8607142857142858,0.8152564424799744,0.2998986259110193,0.7321428571428571,0.6773862301479873,0.8972324818137817,0.8030800220899476,0.6077729284221601,0.5439953486706719,0.5677727892184667
val,masc_c,zgPxPT5llDs,31,25,56,0.025016666666666663,0.02225,0.020672222222222224,0.979495890678898,0.8214285714285714,0.7015856902425105,0.9139359843346381,0.8709677419354839,0.7114724304561464,0.1907915268908732,0.8064516129032258,0.6371939644454012,0.946715937506768,0.8951965409993516,0.6032416814235821,0.5704138329171871,0.49915887621009203
val,qasr,E28D7397-1991-4847-8DDA-8452500CDB69,115,86,502,0.13549177777777782,0.12273900000000001,0.0996806666666667,0.923533891076627,0.25298804780876494,0.21693296794694122,0.899833708961808,0.9304347826086956,0.8687098549854324,0.2488695456854238,0.7478260869565218,0.6613282654375594,0.9116838000192176,0.8310269265594117,0.6029222660942319,0.5495815958734418,0.18845180712674678
val,masc_c,YpmcfdBo9QM,27,22,31,0.03348333333333333,0.030549999999999994,0.02810555555555555,0.9605841173066033,0.9032258064516129,0.7509971000182296,0.8949456978847997,0.8888888888888888,0.7194181745602704,0.2745378970995424,0.8148148148148148,0.6330094349480825,0.9277649075957015,0.8596706232400124,0.5872839399218149,0.5441796154586261,0.5402809627951716
val,qasr,685676B5-AABD-4A50-A9AF-3442E09F4176,137,101,303,0.1873862777777778,0.16659736111111118,0.1399306944444445,0.9017912841191257,0.46534653465346537,0.40996724289018105,0.8759809205560082,0.8759124087591241,0.8102535920218157,0.30588780555688017,0.7372262773722628,0.6577770435397968,0.8888861023375669,0.7899519592120564,0.5846888724392181,0.5196122642689767,0.3321774311630494
val,masc_c,4hD_JLhgGH8,23,19,68,0.016555583333333332,0.014805583333333332,0.013555583333333333,0.9338718108508898,0.45588235294117646,0.34304690695364476,0.9009037395615292,0.9130434782608695,0.7320359570190598,0.2496622841187369,0.8260869565217391,0.6286194521470434,0.9173877752062095,0.8413286066666638,0.5766878006565225,0.5288755277984335,0.25112267083423967
val,qasr,90034D30-C253-46AC-97C2-82D878ABBE09,204,144,505,0.24943349999999986,0.22601124999999989,0.18332230555555545,0.9235151883433846,0.44356435643564357,0.40082145594794527,0.8665600692794553,0.8872549019607843,0.8365060297109271,0.2965411508455496,0.7058823529411765,0.6400137272462615,0.8950376288114199,0.8002813855914725,0.5728363688412528,0.512191072438201,0.335289564737969
val,masc_c,wbcs4ggCD0Q,30,24,39,0.04057772222222221,0.03369994444444444,0.03241108333333333,0.9582765400409698,0.7948717948717948,0.6446572703687137,0.8526026089054842,0.8333333333333334,0.6643529481431982,0.30475892503212754,0.8,0.6269395261897257,0.9054395744732271,0.8170290780918517,0.5676558578136719,0.5122278231021339,0.42827995811140174
val,masc_c,xnXsxRVOtQU,43,33,63,0.05553333333333333,0.050883333333333336,0.041705555555555544,0.9319869765015536,0.7142857142857143,0.5929704958526203,0.8696173203372678,0.9069767441860465,0.7839701160146731,0.28174426922490625,0.7674418604651163,0.6225519170056059,0.9008021484194106,0.8104720170945132,0.5607961043412724,0.5045609079215894,0.464871148426857
val,masc_c,dEofWxaL7e8,21,17,34,0.024838888888888893,0.02008333333333333,0.02008333333333333,0.9923087159792582,0.6764705882352942,0.5084258404811939,0.8410119790406454,0.8095238095238095,0.599990134607267,0.2964628226974606,0.8095238095238095,0.599990134607267,0.9166603475099517,0.8345435170449976,0.5499871652916402,0.5007178771274502,0.3050504884681244
val,masc_c,JK9YoPhBFoA,21,17,33,0.029708305555555554,0.024368583333333332,0.024368583333333332,0.9899021273567563,0.6666666666666666,0.49607581799949974,0.8182803986904522,0.8095238095238095,0.599990134607267,0.34892017804612796,0.8095238095238095,0.599990134607267,0.9040912630236042,0.8100175074380134,0.5424458385987864,0.4860025133219766,0.29764059681692995
val,qasr,1E324127-7424-4410-835E-F6B8D4604FCF,130,90,355,0.16040288888888893,0.14087788888888894,0.11128066666666671,0.9328883340725532,0.39436619718309857,0.34491830887243535,0.8394185416803409,0.8615384615384616,0.7917339909033763,0.2992351278308367,0.6923076923076923,0.6084002887555983,0.8861534378764471,0.7830837649377853,0.5391360074857965,0.4764283887079696,0.2730835492192167
val,masc_c,lNcis1IgBSo,40,30,62,0.050161111111111115,0.04466666666666667,0.03871666666666666,0.9515791699290276,0.6774193548387096,0.5536785443578454,0.8312718169530854,0.875,0.7388757932976185,0.29246372025940426,0.75,0.5980574093302989,0.8914254934410565,0.7910209455616115,0.5331236212183417,0.4730759374285808,0.4090996736942737
val,qasr,4DBD0D76-3106-47EF-8D74-FB01E24B66E1,286,189,547,0.34208619444444427,0.2975917499999999,0.23242508333333328,0.9381548683126489,0.5722120658135283,0.5303877486496156,0.8254408137819899,0.8426573426573427,0.7959501071592258,0.31264097192455387,0.6608391608391608,0.6041619447598268,0.8817978410473194,0.7743913179535284,0.5327486985321651,0.4678577646599291,0.422162185373602
val,masc_c,vECdiATxIIE,44,32,85,0.05662777777777778,0.04931111111111111,0.04055555555555555,0.9376313957301053,0.5529411764705883,0.44723871211307475,0.8621297843373296,0.8636363636363636,0.7329026247825904,0.2995034416120756,0.7272727272727273,0.581508453144907,0.8998805900337175,0.808359952988705,0.5232881699256332,0.47006814584675155,0.3277824260120578
val,masc_c,DRZnGvIoxaE,24,18,35,0.027299999999999998,0.02652777777777778,0.022183333333333336,0.9811752339204153,0.8,0.6410806339053748,0.9070407872398695,0.9583333333333334,0.7975777375115778,0.18226690477819835,0.75,0.5510017468789357,0.9441080105801424,0.8899659565954365,0.5202051630720551,0.49037279674686857,0.511311641552737
val,qasr,BCE7C83F-9B52-41E8-8735-8EA43FDA4C31,184,124,403,0.24476949999999997,0.202786111111111,0.16640277777777776,0.9253747842234114,0.47890818858560796,0.4305639351620949,0.7972366557753602,0.8206521739130435,0.7588398616163569,0.3669908658674503,0.6739130434782609,0.6032228150065151,0.8613057199993858,0.737742698313118,0.5195592609992428,0.44502322722694126,0.32672907697539816
val,qasr,AB8EA164-2625-40E6-8379-1935493DF044,98,67,218,0.12730563888888893,0.10670008333333333,0.08335283333333336,0.905190994544905,0.4908256880733945,0.4251986723738823,0.8383456809376129,0.8469387755102041,0.762709561432064,0.33453016106290034,0.6836734693877551,0.58615936103073,0.871768337741259,0.7588629607003434,0.510995171817238,0.44481462815400125,0.32430309292777965
val,qasr,CEFDF773-B3E6-4EDA-A107-7C7009131D31,322,207,501,0.39651952777777816,0.31680005555555574,0.26671669444444446,0.9467000757685359,0.7225548902195609,0.6817673343939589,0.7670065686630912,0.7763975155279503,0.7277805398551943,0.35534858077423553,0.6428571428571429,0.5891183655027131,0.8568533222158136,0.7261251766683132,0.5047880286593497,0.4277736772292055,0.49617699868087217
val,qasr,BA1C445F-D37D-4B88-AAB4-56BA823E2B9B,32,24,233,0.03446666666666667,0.03071944444444445,0.024675,0.8976405076682568,0.1630901287553648,0.12118633553166609,0.8440309158668242,0.875,0.7193135021517204,0.3152351108474639,0.75,0.5789310822975338,0.8708357117675405,0.7576363398063998,0.5041538611169254,0.43861922619206106,0.0871709674242162
val,masc_c,8wyz6rRlGRM,24,18,32,0.030861111111111113,0.02693888888888889,0.02375555555555556,0.9577793454130491,0.8125,0.6469050424507756,0.8540278220316395,0.875,0.6899571185214244,0.25888305661781885,0.75,0.5510017468789357,0.9059035837223444,0.8179702083499957,0.49915445713489986,0.4507030136957746,0.4463367390463169
val,qasr,858ED536-E96B-4F65-87A5-F2BBA2B1F847,112,73,282,0.1581611666666666,0.13869724999999997,0.10418888888888889,0.9136532529124192,0.41843971631205673,0.36233705257152,0.8459662657312167,0.8571428571428571,0.7804840379293225,0.3107272112132581,0.6517857142857143,0.5598502165764603,0.8798097593218179,0.7729198305394981,0.49256168430240316,0.432719334523779,0.2827982858824291
val,qasr,EDF2FDB8-B97F-48B9-9964-9DA0E2D7F8C0,38,28,275,0.04490002777777777,0.03289722222222222,0.03151666666666666,0.9427197073635302,0.16727272727272727,0.12781075491690802,0.7559297031027534,0.7894736842105263,0.6365391162355784,0.3840751326106654,0.7368421052631579,0.5799084979362467,0.8493247052331419,0.712629828496428,0.49253061407189674,0.41326009342792863,0.08135654498021073
val,masc_c,dDsZD0LzVrI,103,67,362,0.19869175000000003,0.1845389722222223,0.1304222777777778,0.8709960140070869,0.3259668508287293,0.27972688617007374,0.8994154188826057,0.912621359223301,0.8422209571522518,0.2647076268091882,0.6504854368932039,0.5544984775703553,0.8852057164448464,0.7833872447832639,0.49084522210524295,0.4343870345803551,0.2355918458113785
val,qasr,337B3DB1-C236-4CF2-8B5E-F6A41FB5A09D,149,97,325,0.14873063888888885,0.12036394444444444,0.09862783333333333,0.9290921804088874,0.5692307692307692,0.5148942740076529,0.7797396897936815,0.7986577181208053,0.7271349340771296,0.36685571768532577,0.6510067114093959,0.5715482132912107,0.8544159351012844,0.724450048541761,0.4883399011146782,0.4140581308627744,0.3743976139872462
val,masc_c,I2XkOLUFRF8,27,20,35,0.035777777777777776,0.02956111111111111,0.02831111111111111,0.9656914671262106,0.8,0.6410806339053748,0.7996497393835819,0.7777777777777778,0.5924270453692919,0.3689287192951356,0.7407407407407407,0.5532106959738432,0.8826706032548962,0.7722149300124231,0.48830281874229314,0.4271975588735652,0.37979350578803395
val,masc_c,8ZHJCYixUUw,36,25,226,0.04135861111111112,0.03951388888888888,0.02815833333333333,0.8683724436495039,0.19911504424778761,0.15227247596383414,0.9174036086931463,0.9444444444444444,0.8185502589238879,0.20039098690420776,0.6944444444444444,0.5314342132091627,0.8928880261713251,0.7966480134937407,0.47451124567224046,0.42336601025568854,0.12464267462717793
val,masc_c,_r558PWcKRM,26,19,33,0.03462222222222222,0.027394444444444443,0.02493333333333333,0.9480926738335536,0.8484848484848485,0.6907978686153953,0.8116042969945388,0.8076923076923077,0.6212336384535001,0.3582647700904056,0.7307692307692307,0.5391659658023868,0.8798484854140463,0.7694760880323539,0.4743843583980315,0.41487531816580653,0.42914687335586493
val,masc_c,fajES3-TBmY,48,33,342,0.06638888888888886,0.059999999999999984,0.04333333333333332,0.8601777913669745,0.1695906432748538,0.13353925906431546,0.8738853251561522,0.8958333333333334,0.7783231187385907,0.2644919843960943,0.6875,0.5466666274950367,0.8670315582615633,0.7516967489008294,0.47397721788661523,0.41092752662059984,0.10393669258897863
val,qasr,D43C04B7-E3FE-4AA1-899E-8AA7D6F4F57C,109,70,320,0.1410028333333334,0.1212250555555556,0.09620838888888891,0.9036698374179525,0.384375,0.33274721481877495,0.8108488022645619,0.8256880733944955,0.7437283944421204,0.3509597407664024,0.6422018348623854,0.54878268715687,0.8572593198412573,0.7327396053129581,0.4704490731327558,0.40211480958990947,0.2474735518322548
val,masc_c,RPhDmITwGII,74,49,117,0.08347222222222225,0.06464447222222221,0.055027805555555545,0.9585709757096058,0.717948717948718,0.6304874095354095,0.7425767682599709,0.7702702702702703,0.6625347073337732,0.38614221055658127,0.6621621621621622,0.5487829947311835,0.8505738719847884,0.7118125372902461,0.4667804767079105,0.3906306159013435,0.4177197913541713
val,masc_c,TxiU20HGuMU,20,15,33,0.024077777777777778,0.01956111111111111,0.01884444444444444,0.9862637311220169,0.6666666666666666,0.49607581799949974,0.7641407404793427,0.8,0.5839782779742402,0.3686363033575936,0.75,0.5312949900419365,0.8752022358006798,0.7536442978074973,0.46499056315440274,0.4004074396987965,0.2896975019400104
val,qasr,8060E3AB-A7C6-4D33-AFCC-D24EEBDDAC79,54,36,281,0.062408416666666675,0.05044450000000002,0.04296116666666667,0.9205351527090426,0.21352313167259787,0.16963975809319862,0.790426110666616,0.8148148148148148,0.6916379770862062,0.3807261392162557,0.6666666666666666,0.5336071462745029,0.8554806316878294,0.727615020487708,0.4564905785680517,0.38826057466890984,0.11732929912097327
val,qasr,6E7B8450-6482-425D-B96D-22FE86864835,176,107,400,0.1945362777777777,0.15521405555555556,0.11772786111111108,0.9057944237508557,0.4925,0.4438103957369542,0.79494862258302,0.8068181818181818,0.7421923940372638,0.34402619635155474,0.6079545454545454,0.5342578584485862,0.8503715231669379,0.7200600295041231,0.45431766885283054,0.38469772931729856,0.3293927001106355
val,qasr,CC7CF84C-1AE8-40D3-8C3A-20816784E153,306,181,673,0.32552802777777734,0.25847524999999993,0.19763633333333339,0.9202775366945204,0.5304606240713224,0.49268843935935547,0.765274944198371,0.7908496732026143,0.7418143522512981,0.35907193696341183,0.5915032679738562,0.5356227616500513,0.8427762404464457,0.7042653405409135,0.4514101373609729,0.3772205466349379,0.3654833555050632
val,qasr,B5E963CF-5AC1-4C24-9E25-D9AC089118B6,71,45,287,0.09369999999999999,0.08113055555555558,0.06025555555555556,0.9149758773790279,0.2787456445993031,0.23005340429394808,0.8230755596018304,0.8450704225352113,0.7434882267163929,0.33637386574891315,0.6338028169014085,0.5175700445451693,0.8690257184904291,0.7530942822959191,0.4497816798299891,0.38977904123461116,0.17104199760857686
val,qasr,D587853E-7819-48E2-8897-A45032E9867B,164,99,636,0.18685844444444444,0.1589056388888889,0.11550283333333335,0.8924351534465464,0.29245283018867924,0.25842965325849365,0.8028541141808624,0.8170731707317073,0.7508782389178127,0.3409172823386502,0.6036585365853658,0.5272471029813737,0.8476446338137045,0.7164952345841891,0.446918177535983,0.3777700367344734,0.1940492029228787
val,masc_c,zuhL5XkPwTA,66,42,112,0.06919441666666669,0.05390552777777777,0.04562222222222221,0.9554589228196577,0.7053571428571429,0.6152493563162678,0.7585379203753264,0.7575757575757576,0.6419064250894373,0.3698026960584373,0.6363636363636364,0.515794173792134,0.8569984215974921,0.7247518243196727,0.44203479280904134,0.3738227684293074,0.39493251485155284
val,qasr,21583C2E-BBFB-4EA8-BEEB-E47058EC9094,107,66,310,0.12405286111111113,0.0972084166666667,0.07620561111111111,0.9260689036868442,0.3903225806451613,0.3376771210588647,0.7653922000489193,0.8037383177570093,0.7185255265844489,0.36058519254518906,0.616822429906542,0.5221754771468577,0.8457305518678817,0.7088059155897645,0.4416197544592865,0.3701210671776006,0.24262963122434147
val,qasr,38D3578C-49B0-4D5F-8307-19B845520AF3,62,40,311,0.06895555555555558,0.058877777777777786,0.044580555555555554,0.8770544769302491,0.26688102893890675,0.2207824523757709,0.8158674443538692,0.8387096774193549,0.7279343069043936,0.3367307536713914,0.6451612903225806,0.5208089986340214,0.8464609606420591,0.7155601946522018,0.4408444852947826,0.37267018843917865,0.16071512144680908
val,qasr,98A6061E-1223-401B-B0F8-2D9CE1DC2681,331,192,797,0.34227791666666696,0.2551750555555556,0.19996394444444446,0.9181763416330619,0.5734002509410289,0.5387914996554592,0.7240137347406912,0.7371601208459214,0.6872128020585685,0.38847883879110073,0.5800604229607251,0.5262691447081657,0.8210950381868766,0.6647722822562979,0.43211698347072613,0.3498491404087172,0.37026441620356637
val,masc_c,M4WddGEbvug,30,20,50,0.037000000000000005,0.03350555555555555,0.026127777777777778,0.9166946609814962,0.64,0.5014076201030194,0.852570079639554,0.8666666666666667,0.7031831605558306,0.2848642243141084,0.6666666666666666,0.4877972581383026,0.8846323703105251,0.7815464401181482,0.43152124469786174,0.38123621059738383,0.3525813950308184
val,masc_c,J80VmQPdEVc,20,14,30,0.024100000000000003,0.021605555555555555,0.017988888888888888,0.97645423412323,0.7666666666666667,0.5907132766967573,0.8160217411554186,0.85,0.6395767041130426,0.27659356574430777,0.7,0.4810232237710205,0.8962379876393243,0.7968078842878189,0.4311112860803198,0.38328309722629295,0.3778064505855278
val,qasr,2D91DA29-DD53-49F1-B35F-7DE894BE846F,183,107,384,0.2510974444444444,0.20594452777777772,0.14681672222222222,0.8979449487123333,0.515625,0.46573217550726487,0.7811824544018028,0.8032786885245902,0.7397025667042246,0.34717327453174796,0.5846994535519126,0.5122776125803501,0.839563701557068,0.7014588389528015,0.43008968864277636,0.3593416593421254,0.34450328561946625
val,qasr,2C0B7212-DE22-4D16-9315-B2B57CB43389,73,46,569,0.0815445,0.06545283333333334,0.05203058333333333,0.88554389836037,0.13884007029876977,0.11284228836901992,0.7788276043640807,0.8082191780821918,0.7034428294648695,0.35074977279299485,0.6301369863013698,0.5154917299781843,0.8321857513622253,0.6896860329192359,0.42898487263290863,0.35552744625132787,0.0793780986135941
val,qasr,2A2BA75E-37BD-4752-9FD4-069D4F47A17B,211,126,354,0.24309455555555548,0.15080005555555562,0.13856950000000007,0.9532474126860994,0.655367231638418,0.6044295463400007,0.6639493885750759,0.6587677725118484,0.5924654761030224,0.4375803337287072,0.5971563981042654,0.5298104314375917,0.8085984006305876,0.6329080368137088,0.4284038674978382,0.33532128004459016,0.3581036389430623
val,qasr,FBE1FCEC-B7AF-471E-A175-2B747332BC84,166,97,432,0.22441674999999994,0.17168336111111107,0.13300277777777778,0.9191995880689966,0.4537037037037037,0.4073696311651709,0.7610862581716803,0.7650602409638554,0.6950219432545146,0.3429707818441427,0.5843373493975904,0.5082850407789142,0.8401429231203384,0.6995901749963825,0.4270320799383374,0.35559122062656406,0.28313083267529193
val,masc_c,3Yrh0K6L-HY,62,39,90,0.08131116666666666,0.06304449999999999,0.0504556111111111,0.9297966880183066,0.7333333333333333,0.6337996218328292,0.7616529267904679,0.7741935483870968,0.6559414245921726,0.35250867905311334,0.6290322580645161,0.504577349121774,0.8457248074043873,0.7081823687492268,0.4267335814066286,0.3573327823182635,0.4157354268510063
val,masc_c,fDRuxTP_jxU,50,32,82,0.06181666666666667,0.044988861111111104,0.03892219444444443,0.9416254794597626,0.6585365853658537,0.5508753748631217,0.7555951861699577,0.74,0.6044657801100008,0.3672293327155881,0.64,0.5014076201030194,0.8486103328148602,0.711487679454775,0.4254996873715303,0.35674534408803865,0.332985313210026
val,masc_c,0OUv-LIOe5Q,22,15,28,0.024200055555555558,0.020677833333333336,0.016311166666666665,0.9725319390947168,0.8214285714285714,0.644082084514089,0.8246482865546237,0.8636363636363636,0.6666458812053,0.2935464209943129,0.6818181818181818,0.4731822278283934,0.8985901128246703,0.8019967971941039,0.42519687149094487,0.3794906312075423,0.42937466879944136
val,qasr,20E8A494-05B2-453A-A715-CDD599A30E9D,183,108,472,0.25219169444444445,0.17568613888888887,0.14669447222222223,0.9293911141124579,0.4025423728813559,0.3592581201554423,0.7118222803433103,0.7103825136612022,0.6408736196754811,0.4194352689233887,0.5901639344262295,0.5177659952010065,0.820606697227884,0.6615613021783395,0.4248822432588064,0.3425339460088418,0.2302390518618272
val,masc_c,s_FuQQS0-yU,20,14,35,0.017283333333333335,0.015488888888888885,0.012194444444444442,0.8884862244129181,0.8,0.6410806339053748,0.8744892598828301,0.9,0.6989617935882066,0.25776730773111795,0.7,0.4810232237710205,0.8814877421478742,0.7769716608029429,0.4240160754426085,0.37374141305815545,0.4480908697091653
val,qasr,D688DB2E-D4D9-44C2-B33E-7FB96CE87755,44,29,256,0.06708058333333332,0.05138613888888887,0.04784999999999999,0.9297992993484844,0.1875,0.14443726168228893,0.727868234309426,0.7272727272727273,0.581508453144907,0.4296137187828081,0.6590909090909091,0.511388679719395,0.8288337668289552,0.6767713742789228,0.4238562057255122,0.3460932195643788,0.08399148861735398
val,qasr,7683087C-362E-4AD0-A59F-3B83FDDE27A9,160,94,580,0.20125011111111116,0.15660844444444438,0.11853897222222219,0.8948551330715417,0.30344827586206896,0.2674261199902425,0.7412569591839201,0.75,0.6775748906186185,0.39741252016138306,0.5875,0.5100398177030784,0.8180560461277309,0.6633175948507332,0.4172411566378889,0.33831838515691237,0.18120122400095012
val,masc_c,7Jn6mAMKVkw,43,28,98,0.056505527777777786,0.043277750000000004,0.03936108333333333,0.9434167313021283,0.46938775510204084,0.37360789598305366,0.7186855315880547,0.7209302325581395,0.5730868709987059,0.39886015946833553,0.6511627906976745,0.501715070970981,0.8310511314450915,0.6780199550449351,0.41695087739348813,0.34017282986511094,0.2141097800893382
val,masc_c,L55HxYl8fFs,36,23,59,0.04587772222222221,0.03568883333333333,0.02901105555555556,0.9602265109618505,0.6271186440677966,0.49953356682142125,0.7887403422759639,0.7777777777777778,0.6191498017214091,0.33696523559612485,0.6388888888888888,0.4757478039083198,0.8744834266189072,0.7573693869185045,0.4160335697681674,0.36031682257386904,0.3092861088506712
val,masc_c,0ZeXjccLbsM,22,15,49,0.020088888888888885,0.017377777777777773,0.013716666666666665,0.9220697988163341,0.6326530612244898,0.4926681138688987,0.8259069547903809,0.8636363636363636,0.6666458812053,0.31280011049764295,0.6818181818181818,0.4731822278283934,0.8739883768033575,0.7615438596445777,0.41355576723193405,0.3603490200956546,0.32843516891188507
val,masc_c,jCH2aWQc9g0,46,29,65,0.062366638888888895,0.04415,0.03862780555555556,0.9666892341945482,0.7230769230769231,0.6041913125777423,0.724411883042194,0.717391304347826,0.5745116426970621,0.39107943148496116,0.6304347826086957,0.4859983314918479,0.8455505586183711,0.7002811684594891,0.4109361606805283,0.34033547944647335,0.34711494349233285
val,qasr,E4091CC0-85C9-4204-815B-287393C9DD66,86,51,402,0.12465833333333333,0.09941388888888887,0.07312222222222221,0.8925151824951172,0.22885572139303484,0.19046974538001113,0.7852578478947222,0.8023255813953488,0.7060389309236785,0.36053508944102935,0.5930232558139535,0.48738080005510226,0.8388865151949196,0.7008545514194809,0.40885718093113665,0.3415830519930864,0.1344790554014083
val,qasr,CA9AAA48-D582-495B-961C-AEDDF6A59001,149,83,328,0.1473472777777778,0.12199727777777773,0.08186666666666664,0.8954139791879078,0.5853658536585366,0.531360948976071,0.8001646485934409,0.8187919463087249,0.7491882408862431,0.3265805629879751,0.5570469798657718,0.47684836279164045,0.8477893138906744,0.7164786120025468,0.40426694632101623,0.34165165310864143,0.39808937463902744
val,qasr,EFC63548-4D8F-4A0B-A448-E5AB3C7B09F6,107,64,270,0.14040283333333337,0.10257502777777776,0.08651113888888887,0.9145718099914979,0.4444444444444444,0.3863642601955544,0.6904240503847908,0.7102803738317757,0.6182267641098055,0.4406776399172027,0.5981308411214953,0.5033928464055272,0.8024979301881443,0.6314423734220793,0.40397171731195397,0.31786357369800233,0.23886072634837652
val,qasr,F7BA4F7C-E99B-4B3C-83B4-90C995707FB9,287,160,621,0.34941405555555527,0.21956680555555552,0.17854180555555554,0.9410722887059122,0.5185185185185185,0.47922642945723004,0.6695208292497478,0.686411149825784,0.6305708623438102,0.4387459837415846,0.5574912891986062,0.4996437329454609,0.80529655897783,0.6300674991183404,0.4023613788558175,0.31480927726709845,0.30218622288079067
val,masc_c,KRmqcfv3yfM,82,48,382,0.10738888888888887,0.0881111111111111,0.06508333333333333,0.8636934306563401,0.24345549738219896,0.20311050534872796,0.8212233217512598,0.8170731707317073,0.7198761179729022,0.3215713487659998,0.5853658536585366,0.477254991169574,0.8424583762037999,0.709285188098341,0.4020674648958782,0.3385098961825833,0.14621440210995668
val,masc_c,l1BkIloTY_8,29,19,37,0.0445888888888889,0.03384997222222222,0.03059997222222222,0.9715437478032606,0.7837837837837838,0.6280453872612309,0.7209298515929198,0.7241379310344828,0.5428252365556403,0.43544521470302655,0.6551724137931034,0.47344776507155995,0.8462367996980902,0.7004148899198337,0.4006489215383701,0.33160986425538796,0.34091888590775643
val,qasr,4904DB47-7B99-463B-9DA3-DFE0C4D7AA44,71,43,232,0.10427502777777779,0.07747502777777779,0.06394722222222221,0.9270454225405841,0.31896551724137934,0.26235703165529384,0.7041358995787524,0.7323943661971831,0.6194579122102354,0.42965093241795815,0.6056338028169014,0.489355558883608,0.8155906610596683,0.6527659625509789,0.3991138237631053,0.31943465242433056,0.16251913908286295
val,masc_c,NDh39T_wNEk,27,17,181,0.03576111111111111,0.03576111111111111,0.02346666666666667,0.8256218433380127,0.16022099447513813,0.11393241437978731,0.9772224956088595,1.0,0.8754409628553642,0.043877191202949806,0.6296296296296297,0.442289046234463,0.9014221694734361,0.8068162381759596,0.39868915159100654,0.35684598446932253,0.09974110254507734
val,masc_c,eUDCS-T1umM,37,23,46,0.048400000000000006,0.03825555555555556,0.03066666666666666,0.9536989798416963,0.8260869565217391,0.6927636765607748,0.7711566329439724,0.8108108108108109,0.6579498842904441,0.35734436344372444,0.6216216216216216,0.4610014255281996,0.8624278063928343,0.7354512941368239,0.3975804481622548,0.339044095003635,0.45580378083378437
test,qasr,F676D965-5468-438D-99EE-808AE5D7B3D2,121,69,368,0.16580005555555552,0.11966944444444445,0.09266666666666667,0.921694631418906,0.3451086956521739,0.2983610163169568,0.7264875847584575,0.743801652892562,0.6593567360064447,0.39019605438729826,0.5702479338842975,0.4812198903675137,0.8240911080886817,0.6695997066643578,0.39656903268727833,0.32222469743114157,0.1967263458703142
test,qasr,919BD94D-14FC-47E9-B6AA-0D96F9170E4A,180,99,417,0.22125838888888885,0.1731750277777777,0.12664447222222217,0.9173861775133345,0.48201438848920863,0.4344379366370622,0.7421547862520027,0.7611111111111111,0.6937747633253338,0.35847881214722377,0.55,0.4770322185607413,0.8297704818826686,0.6808425424829506,0.39582725386870476,0.3247838285311777,0.3014020766699242
test,qasr,D5472774-910B-490F-99E3-51B9477AFF6E,237,129,683,0.26199736111111116,0.2056473333333334,0.14978888888888894,0.8961048199154656,0.4158125915080527,0.37942067997055623,0.7443609394256875,0.7468354430379747,0.6878406056832066,0.3719780839596831,0.5443037974683544,0.4806934306372703,0.8202328796705766,0.6670254255761625,0.3942805568503368,0.32063474014249077,0.2609809503196815
test,masc_c,zm4ulaXrS8k,37,23,59,0.047299999999999995,0.038544444444444444,0.02939444444444444,0.9372449114515975,0.6440677966101694,0.5165525967226601,0.7688963543497831,0.7837837837837838,0.6280453872612309,0.3651562859366057,0.6216216216216216,0.4610014255281996,0.8530706329006903,0.7206441955480186,0.3932667778434617,0.33221800144625924,0.3244184756494775
test,qasr,481097D6-FCBA-4FA1-88BD-035FB9699895,144,82,309,0.16125558333333329,0.10513613888888887,0.09002780555555555,0.9388037245306704,0.517799352750809,0.462208572807876,0.6710310239564529,0.6736111111111112,0.5933813653547764,0.4209268603632127,0.5694444444444444,0.48780208362486555,0.8049173742435616,0.6299664245659474,0.39264037230186505,0.3072989345169758,0.27426595401142
test,qasr,5D0C58CD-94AC-408E-A92F-6A7A7F5E9C60,70,42,261,0.07878891666666667,0.05738336111111111,0.048125027777777774,0.903851272378649,0.29118773946360155,0.23941675041555643,0.7129217316213596,0.7142857142857143,0.5994958195463385,0.4231361559359767,0.6,0.48293583076211255,0.8083865020000043,0.6443752142323557,0.39039880692025025,0.31119187940781695,0.14352934100349518
test,qasr,21DA9710-AB14-45F2-B817-B607730B9F7E,104,58,574,0.12478891666666667,0.10646113888888888,0.0729833611111111,0.8750253927249175,0.2264808362369338,0.19412345336215042,0.8129487364606646,0.8365384615384616,0.753734656692018,0.33842983460835135,0.5576923076923077,0.4618751630220258,0.843987064592791,0.7113507873867185,0.3898166630472764,0.328555260890087,0.1463175744757894
test,qasr,042F55A4-552B-4B1B-89D0-4A58BFC2937E,139,78,593,0.1747361666666667,0.12986394444444446,0.10158613888888889,0.8996700219970812,0.2782462057335582,0.24369216752726996,0.7235154859294944,0.7338129496402878,0.6547730433219985,0.39229064575216466,0.5611510791366906,0.47810827478478307,0.8115927539632879,0.6509251931414172,0.3880292114252185,0.31121272110679465,0.15956306216556485
test,masc_c,eX3zywgC3kU,52,31,87,0.06847780555555556,0.04975558333333332,0.04419447222222222,0.9452253511318793,0.6666666666666666,0.5624216326943015,0.7272188418473189,0.7115384615384616,0.5772695428589908,0.3890403050324681,0.5961538461538461,0.4606733176249609,0.8362220964895991,0.6873856851348507,0.3852252074611638,0.3166602440589784,0.3246688787994466
test,qasr,459A4293-3CB3-416F-807E-ADF12943B945,98,56,607,0.1027389166666666,0.08397780555555551,0.06411669444444444,0.8527961671352386,0.21087314662273476,0.18029029755665807,0.7737642633027815,0.7959183673469388,0.7056878495916334,0.3792871674555977,0.5714285714285714,0.47258256622078104,0.8132802152190101,0.6598631980108336,0.38434205116478887,0.3118398434706111,0.12722867238499375
test,qasr,8EBAD1F5-D2AA-4D54-9360-F30278EC15FD,102,57,712,0.10392227777777778,0.08690558333333336,0.059147250000000005,0.8569996187499925,0.19382022471910113,0.16645913799899192,0.8015943791283016,0.8333333333333334,0.7492107842584269,0.3342793009639479,0.5588235294117647,0.4620686963178269,0.829296998939147,0.6869660773050914,0.3831921831600979,0.31742551975493505,0.12471298132720646
test,masc_c,d9drje-fXz4,29,18,41,0.027994500000000005,0.022655611111111112,0.017888944444444447,0.9364715958463734,0.8048780487804879,0.6598611764744329,0.8036332436885428,0.7931034482758621,0.6160955339174229,0.32304051470656914,0.6206896551724138,0.4400222620928496,0.8700524197674582,0.7525797061922072,0.3828424338854345,0.3311518247238671,0.4065375238313945
test,masc_c,CWCyLq4Dwsc,84,48,147,0.08358750000000004,0.05974861111111111,0.0478888888888889,0.9307521993205661,0.6802721088435374,0.6011130925685308,0.7057873562277693,0.7142857142857143,0.6099775866784931,0.4054708102903416,0.5714285714285714,0.4647675967027547,0.8182697777741677,0.6569131340616441,0.38030527807059705,0.3053119385603048,0.36666551352579807
test,qasr,5CA29699-EA91-420A-B42C-E945AB0E82BF,97,55,270,0.1133972222222222,0.0844361111111111,0.06823333333333333,0.9132675110679311,0.43333333333333335,0.3755688037760219,0.7083330021141404,0.7216494845360825,0.6253217812082499,0.4044673750451788,0.5670103092783505,0.46771404416848805,0.8108002565910357,0.6468975178480566,0.37922266702304114,0.30256305423527124,0.2348513533434737
test,qasr,45EFE1EC-57D1-4BE0-A31A-039C771F98D8,90,50,349,0.11320002777777782,0.09105836111111114,0.06539725000000002,0.8815185533629524,0.3008595988538682,0.25512334002090276,0.7860333273898706,0.8,0.7058607285729566,0.35162801323487913,0.5555555555555556,0.4527174112548651,0.8337759403764116,0.6929029616557867,0.3774648852937998,0.3136892350516368,0.18008154666312054
test,masc_c,csazmn8mfsM,27,17,49,0.0201,0.01626111111111111,0.013366666666666669,0.9327367146809896,0.9183673469387755,0.8081061295851386,0.7739090966405692,0.7777777777777778,0.5924270453692919,0.3752015793871919,0.6296296296296297,0.442289046234463,0.8533229056607794,0.721853428262257,0.3774153740747268,0.319267864307191,0.4787439266949378
test,masc_c,p28D3aglUxk,21,14,32,0.018294444444444443,0.012416666666666664,0.012416666666666664,0.9644638895988464,0.84375,0.6824550744643347,0.6975089424688902,0.6666666666666666,0.45373075657210293,0.4092890355674495,0.6666666666666666,0.45373075657210293,0.8309864160338682,0.6727221876835238,0.3770440952481873,0.3052347471804855,0.30965085726317343
test,masc_c,d7ouP5Ce2aE,43,26,170,0.042605555555555556,0.03280555555555556,0.02656666666666667,0.8980458115422448,0.2647058823529412,0.20411663917448855,0.7434247592139209,0.7674418604651163,0.6225519170056059,0.3611733313834208,0.6046511627906976,0.4557879659331909,0.8207352853780829,0.6676294912088636,0.37408126629207333,0.3042974877950991,0.1270732050108194
test,masc_c,Uvmh8BdiZMs,27,17,50,0.025944472222222226,0.01778891666666667,0.01621111111111111,0.9554439120822482,0.64,0.5014076201030194,0.7043536424106505,0.7037037037037037,0.515189666191624,0.42373639464338,0.6296296296296297,0.442289046234463,0.8298987772464493,0.6729703995942128,0.36705513865947914,0.29764743618054984,0.2583200244268112
test,qasr,4F335A13-4FE6-4811-97AD-5AA083FFD459,173,91,492,0.20858336111111114,0.15713611111111123,0.1161194444444445,0.9289040544818592,0.4532520325203252,0.40979517500561297,0.6920925084613546,0.7283236994219653,0.6576144191557001,0.3892183663017596,0.5260115606936416,0.45184982971480236,0.8104982814716069,0.6428875371862728,0.3662235104670855,0.290488624203386,0.2694872159841246
test,masc_c,0xooTRqYDb0,50,29,86,0.06852219444444446,0.04826663888888888,0.04059997222222222,0.9392190563678742,0.627906976744186,0.5223363580204515,0.7142639368399978,0.7,0.562493877226366,0.38604013227024203,0.58,0.4423319668777783,0.8267414966039359,0.6708503007564656,0.36569419229229705,0.29673853301415654,0.29381100323922305
test,masc_c,VOkm6J5nNXg,106,57,325,0.24240002777777772,0.17928611111111112,0.12849166666666667,0.9007545321617486,0.3476923076923077,0.2979670262726078,0.7438395476080741,0.7452830188679245,0.654772057573926,0.37485338070317586,0.5377358490566038,0.44316673901352754,0.8222970398849114,0.6700168437091175,0.36441469766627277,0.296929179710706,0.19510048288169946
test,qasr,1A6DD101-AB77-45B4-96E8-5B489D2752E1,78,43,451,0.09570558333333334,0.07275280555555556,0.05351113888888889,0.9004024947300936,0.18625277161862527,0.15302618923716485,0.7491429121541725,0.7692307692307693,0.6644403349060594,0.3733207576845471,0.5512820512820513,0.4410917185751463,0.824772703442133,0.6745301470129843,0.36380040919515994,0.2975296617767033,0.10167677242613983
test,masc_c,DUa_ey1YWds,78,43,393,0.09667777777777778,0.07858611111111115,0.05449444444444446,0.8586973242270641,0.25699745547073793,0.21629160110637546,0.7891462142680001,0.7948717948717948,0.692458195735871,0.36239701216659737,0.5512820512820513,0.4410917185751463,0.8239217692475321,0.6776377426158491,0.3634250691688691,0.2989003964618075,0.14977289185494347
test,qasr,737F989E-700B-4235-BE86-4D3FA1A4D918,127,68,688,0.13400833333333337,0.10219444444444443,0.07100555555555553,0.8844491553118848,0.2238372093023256,0.1942732724958758,0.7335356329237734,0.7401574803149606,0.6576311525828926,0.3683538744030675,0.5354330708661418,0.4489269894614608,0.8089923941178292,0.6487749709306002,0.3631785199885367,0.2912525945378211,0.12776015610751318
test,qasr,C5BBE96F-CC78-48DF-9731-0680CCD91FA3,132,72,290,0.15889452777777774,0.0999528055555556,0.08208611111111114,0.9210578605081096,0.4862068965517241,0.4292385327612409,0.6520768128454316,0.6590909090909091,0.5747514992528577,0.451051182244617,0.5454545454545454,0.4604241101750001,0.7865673366767706,0.6006004741263602,0.3621545660821218,0.2765309388703126,0.2467054902416201
test,masc_c,GUoL1W_4f1Y,43,25,236,0.04835502777777777,0.03892722222222222,0.02593611111111111,0.8728952851406363,0.2584745762711864,0.20680111475048107,0.795833122992325,0.7906976744186046,0.6479406820576337,0.3409705459362565,0.5813953488372093,0.4332831575571177,0.8343642040664807,0.6946789808187486,0.3615159568905561,0.3009927022977078,0.13399485534170566
test,qasr,B10FCF69-3571-42B3-A8EB-B244A6F9158A,106,57,704,0.10718061111111113,0.08266116666666667,0.05757227777777778,0.880889856590415,0.20170454545454544,0.17371757564868637,0.7486060477468133,0.7547169811320755,0.6648534502859221,0.37766540515983515,0.5377358490566038,0.44316673901352754,0.8147479521686141,0.6594394740424077,0.3610691930805142,0.29224164128816954,0.11549672954533483
test,masc_c,jm22HoM5Zg8,72,40,114,0.09307783333333329,0.06751113888888888,0.05447225,0.9443928723533949,0.6842105263157895,0.5940639890594854,0.6932301589921634,0.7083333333333334,0.594940392251052,0.39146489785391275,0.5555555555555556,0.44087185773467513,0.8188115156727791,0.6546816210526099,0.36099095404920317,0.2886307024982127,0.35343266267327494
test,masc_c,sZ8NIz_BAYs,30,18,42,0.025872194444444448,0.02103333333333333,0.016411111111111112,0.9196713944276174,0.8333333333333334,0.6939570379522572,0.7820101713761687,0.8,0.6269395261897257,0.33729942553126147,0.6,0.42320052498273836,0.850840782901893,0.719192384766101,0.3600762660008052,0.3043625947966015,0.43506909656981363
test,qasr,54023E19-CC5F-4C68-9136-8C03D7DCA5CE,319,163,843,0.3287417499999999,0.2275583888888889,0.16631950000000006,0.9107177920849719,0.571767497034401,0.5381127046880121,0.6653463779798114,0.6865203761755486,0.6336473447133845,0.40768050351906115,0.5109717868338558,0.4563121726637785,0.7880320850323916,0.6059427843255071,0.35958863284989806,0.2764990684255115,0.34097368648209647
test,qasr,21D7ECE7-5FC6-4C93-8555-CE33EE0C0E91,141,75,269,0.2181083333333333,0.16031111111111107,0.12023333333333332,0.8960005416937754,0.587360594795539,0.52770070909197,0.6954657820351455,0.723404255319149,0.6443895323731718,0.40007928623391315,0.5319148936170213,0.44980100445967464,0.7957331618644605,0.6231377174329755,0.3579215754885072,0.2802879712180613,0.3400448131647657
test,masc_c,SNFYQfuBzvY,32,19,55,0.03229997222222223,0.024588861111111117,0.019322194444444447,0.9438231214880943,0.6363636363636364,0.5042251814868371,0.7475144972995622,0.75,0.5789310822975338,0.3755706241218495,0.59375,0.4225972657298823,0.8456688093938283,0.7055214661988765,0.35737732656287685,0.2981514425293828,0.291911630039845
test,qasr,BA168052-0664-434E-890C-76211897E909,172,89,377,0.22248341666666663,0.16580561111111108,0.12255836111111111,0.9260879848585573,0.5039787798408488,0.4537228584071579,0.6726834173067229,0.7151162790697675,0.6435372557719273,0.38839298952886725,0.5174418604651163,0.44320126215572314,0.7993857010826401,0.622964030381351,0.3542887516690637,0.276098444542631,0.29198756318033714
test,qasr,01E4B05D-E8C2-4F92-819F-140B607ABA50,155,81,371,0.19743061111111107,0.13734447222222215,0.1026416944444444,0.9207000194057342,0.49326145552560646,0.4427173921566372,0.6659184384661081,0.6967741935483871,0.6203739026051529,0.4026331771099022,0.5225806451612903,0.44435414868850837,0.7933092289359212,0.6131111192183819,0.3525102470705582,0.27243846943174266,0.27465031632338893
test,qasr,44C9298F-AEEF-4D8F-99C6-1C9782815FC2,95,51,183,0.12895002777777778,0.09242780555555556,0.07533336111111112,0.9415882436852706,0.5683060109289617,0.4958648039695103,0.6713450885132739,0.6736842105263158,0.5742532416248357,0.39689666197146156,0.5368421052631579,0.4370951253863254,0.8064666660992723,0.6321306427999461,0.35250264853855323,0.2763012225751809,0.284751971087155
test,qasr,624A1B34-9292-4BE1-A25F-93F43AB29E99,120,62,666,0.14064730555555555,0.11579727777777775,0.07635561111111111,0.8554220353563626,0.21771771771771772,0.18804123083434332,0.7869316605865606,0.8,0.7196316465662728,0.3518014201845023,0.5166666666666667,0.42813421852868033,0.8211768479714616,0.673158682785318,0.35157390808010663,0.2882022666000879,0.13532042056766708
test,qasr,CA9D5449-27C1-4157-9B04-79A1F35890A0,56,31,277,0.07763619444444446,0.06335008333333335,0.04480836111111112,0.8683512040546962,0.2527075812274368,0.20515254314034537,0.7763684699436583,0.7857142857142857,0.6618028634399505,0.36364789042632717,0.5535714285714286,0.4241298613178389,0.8223598369991773,0.6741604956656779,0.34878736361982166,0.2859315975326495,0.13577054049226855
test,qasr,D5498A63-7296-45D3-8C95-6395238960C1,211,107,662,0.2269361388888889,0.16280277777777782,0.12055277777777783,0.8891168070065467,0.4078549848942598,0.37105459184501566,0.6885285618443536,0.7014218009478673,0.6365193190135904,0.3893125939373057,0.5071090047393365,0.44012844629060416,0.7888226844254502,0.6121823164398613,0.34718330249495694,0.26943885178125915,0.2361834161180551
test,qasr,CAFDE1F4-37A9-427C-8FBE-9538C1BFCFB3,161,83,659,0.18689447222222227,0.12754725,0.09415555555555558,0.89011595004834,0.2867981790591806,0.2535809769467432,0.6903372913622876,0.6832298136645962,0.6078118236704374,0.38796814060112755,0.515527950310559,0.43887249046506993,0.7902266207053138,0.6144802339547403,0.3468087250607373,0.2696784706172757,0.15412951604613112
test,masc_c,93_Yi25FTno,45,25,66,0.05510558333333335,0.03947222222222222,0.03062777777777778,0.9569918500052558,0.696969696969697,0.5778096544417833,0.7129068087269035,0.7111111111111111,0.5663118252773978,0.3717247308133955,0.5555555555555556,0.4117588341636532,0.8349493293660797,0.6822460057649024,0.3437977624455011,0.2809208199465652,0.3272204400698288
test,qasr,EFBBE307-DDB5-4643-A66A-405290CDC6B5,47,27,298,0.0640861111111111,0.04664722222222221,0.037552777777777775,0.8901393629134969,0.174496644295302,0.13562212492453882,0.6911001979791995,0.6808510638297872,0.5383238911447854,0.4289568210204349,0.574468085106383,0.43281668771211546,0.7906197804463482,0.6151754899385963,0.3421934346124684,0.2662582179169011,0.07300863001470193
test,masc_c,wok0t4odKnI,51,28,73,0.05640002777777776,0.044238916666666656,0.03441113888888888,0.9309475375156776,0.7397260273972602,0.6289029493194099,0.7110677789896727,0.7058823529411765,0.5700066466848335,0.3834902671341527,0.5490196078431373,0.4138447154164923,0.8210076582526751,0.6619667978571778,0.3397696806843391,0.27395146107437046,0.35847886123175865
test,masc_c,cloD3eO5DxU,68,37,104,0.0805944722222222,0.05511669444444445,0.04728891666666667,0.9343553106574451,0.6634615384615384,0.5682644758725168,0.6553318710520055,0.6617647058823529,0.5433701723652863,0.4235216734199027,0.5441176470588235,0.4265639778429345,0.7948435908547253,0.6123128139605214,0.33905164387795356,0.2611905896072007,0.30877796620391856
test,qasr,53B4FAC2-075F-4D7A-AC2A-8D6AD8420B14,79,42,269,0.10061944444444444,0.07299166666666668,0.055961111111111114,0.8950586605675613,0.31226765799256506,0.25985865963942817,0.7058578702975565,0.7215189873417721,0.6141734225170346,0.41361645471289815,0.5316455696202531,0.42271215907094595,0.8004582654325589,0.6317841999396024,0.33836344162718135,0.2670628632233795,0.15959828236143678
test,qasr,36A86DBF-8177-48C6-9CF3-79603AEB1FF0,107,55,431,0.13643055555555555,0.10174444444444444,0.07209166666666667,0.9028927956786111,0.26450116009280744,0.22507274175853773,0.7031240049764844,0.7289719626168224,0.6379066413678491,0.38412662794637104,0.514018691588785,0.42048422635928223,0.8030084003275477,0.6348455985619597,0.3376523659717337,0.26694256036892106,0.14357539675864206
test,qasr,DF649B50-FA62-4C60-B9C8-FF30D64406E6,117,61,488,0.14174452777777785,0.09370005555555559,0.07446116666666669,0.9110842066952306,0.30327868852459017,0.2641611094601094,0.6513447328020409,0.6581196581196581,0.5683696349970929,0.42454224193668744,0.5213675213675214,0.43161781224855794,0.7812144697486357,0.5934298991700644,0.3371860803298234,0.25613491480266554,0.1501411533642695
test,qasr,D45DF272-6B10-41F0-80A2-DB9E8FB2EC93,113,59,349,0.1638972222222222,0.11329722222222224,0.09305833333333334,0.9164860728567681,0.36962750716332377,0.3206598536926684,0.6428803621221589,0.6548672566371682,0.5634212472892779,0.41365238684809086,0.5221238938053098,0.43081993967390314,0.7796832174894635,0.5891908983980744,0.33590307672356534,0.2538351873042712,0.1806665747231206
test,masc_c,g2icTOBvpmg,31,18,93,0.023249944444444445,0.015377749999999997,0.012877749999999999,0.9479076573925633,0.6666666666666666,0.5659327976152322,0.6970465686472673,0.6774193548387096,0.501406855599508,0.40132022832633646,0.5806451612903226,0.4076596435202097,0.8224771130199153,0.6607357799799558,0.3352907266972299,0.2693553125276765,0.28376258453288633
test,qasr,D3494D43-59DC-4960-A30D-69D06C8E6062,40,23,336,0.045997277777777776,0.030327777777777773,0.02628333333333333,0.9073630109429359,0.13690476190476192,0.10423207320538246,0.6769393950315135,0.675,0.52017458088898,0.4275387225176645,0.575,0.4219480043605999,0.7921512029872246,0.6142297677016836,0.3342466192523079,0.2591730247006003,0.054218874994799306
test,qasr,4A149C20-6EC0-4123-AC8D-B9E7CB25A879,124,63,420,0.17507505555555553,0.12201391666666665,0.09216669444444446,0.9009036614048865,0.3261904761904762,0.28310480325696047,0.6781394356087642,0.7016129032258065,0.6160078245925817,0.4135947185624997,0.5080645161290323,0.42115888884621255,0.7895215485068254,0.6109383004829789,0.3325140180892757,0.2573020957850049,0.17439477398603107
test,qasr,C9E892D8-B23F-44F3-9652-FF7931EC89E6,167,86,455,0.22247786111111115,0.13828338888888894,0.11300561111111115,0.9129684874397552,0.4175824175824176,0.3731426099289027,0.5989656807848847,0.6227544910179641,0.5472593190881626,0.44514708757566146,0.5149700598802395,0.4396890875605081,0.7559670841123199,0.5468367916144994,0.33239047743912387,0.24043816994949496,0.20420577063247114
test,qasr,8EFCF538-AE59-4E19-8B2A-3875C164941E,213,104,781,0.22770291666666662,0.16183344444444445,0.11440844444444448,0.8883834598769604,0.3380281690140845,0.3057165704941171,0.6838655086204698,0.704225352112676,0.6397531379664895,0.39748826311814905,0.48826291079812206,0.42193783166753673,0.7861244842487152,0.6075348066387702,0.3316956603046635,0.2563419189757189,0.1955831353019649
test,qasr,7E98CA8F-91B7-45FC-80DE-88DBBDDC1D9D,132,68,340,0.15084447222222214,0.09339169444444438,0.07925277777777776,0.925459214683735,0.42058823529411765,0.3692885280970526,0.6098673322070901,0.6287878787878788,0.5438180062250783,0.4474247084251465,0.5151515151515151,0.4306772655530051,0.7676632734454125,0.5644073423256382,0.3306151194729391,0.24307741085084472,0.20082575107153294
test,qasr,8B73FE6D-A710-4FE2-BE34-88F99E83278C,106,54,703,0.11503063888888886,0.09091391666666666,0.05973891666666666,0.8170096418767605,0.19914651493598862,0.17129488500735676,0.7674356063988218,0.7924528301886793,0.705694607192994,0.3725591554976643,0.5094339622641509,0.4156133994571823,0.7922226241377912,0.627002289947376,0.329258337944797,0.26059055319246677,0.12088187658943571
test,masc_c,0dcU-Jfz-VE,22,13,30,0.027711083333333334,0.022422194444444443,0.019355555555555553,0.9646815007383173,0.7666666666666667,0.5907132766967573,0.7230273444544185,0.7272727272727273,0.5184787630099803,0.38530353705709475,0.5909090909090909,0.3873447738289381,0.8438544225963679,0.6974911037231287,0.32686260046513926,0.27016953381933173,0.30627228899530695
test,qasr,E0F04F00-24CA-4DC3-AC13-4A65DA93201B,193,96,453,0.27033619444444423,0.16809727777777775,0.13817783333333336,0.9104763785174473,0.4370860927152318,0.3921260633224455,0.6143663935445477,0.616580310880829,0.5463420100128062,0.4615647303255452,0.49740932642487046,0.42761060930544514,0.7624213860309975,0.5593660890772646,0.32601947342821685,0.23919087417513302,0.2142349416139938
test,qasr,2A0AD97A-8EEE-4386-8276-DD503AF9DC4B,49,27,316,0.05358055555555558,0.036158333333333334,0.030636111111111107,0.9185902500639156,0.17405063291139242,0.13622850497778094,0.6533438124971901,0.6530612244897959,0.5131093521943978,0.4210842209156812,0.5510204081632653,0.4131486679967811,0.7859670312805529,0.6001552560995058,0.32472123206294484,0.24795334464877788,0.06990011993956047
test,qasr,FF65C04E-5874-497C-8146-B8D87BB854B5,73,39,298,0.07314725,0.04642500000000001,0.03735833333333334,0.9198914896951963,0.2651006711409396,0.2182056036128631,0.622597479547712,0.6438356164383562,0.529332842211795,0.45357881414898066,0.5342465753424658,0.4209874497239411,0.7712444846214541,0.5727221229416194,0.3246842486944413,0.2411088259376738,0.11550339234693714
test,masc_c,I_bk1ySlTSw,30,17,49,0.03635552777777777,0.025188861111111113,0.020144416666666668,0.9431564589341481,0.6530612244897959,0.5131093521943978,0.7070145059376955,0.7,0.5212387898833981,0.391469931440331,0.5666666666666667,0.39197009545408734,0.8250854824359218,0.6668252978352732,0.32340883530819,0.2613755756436923,0.2674524978156622
test,qasr,EFCE2698-0B45-4AF2-97F2-2CB2830146ED,97,47,590,0.12352502777777775,0.10620836111111111,0.061797222222222226,0.8234093643955349,0.21694915254237288,0.1855788418833357,0.8308964096412984,0.8556701030927835,0.7722041904209147,0.3117202283164771,0.4845360824742268,0.38757989187721464,0.8271528870184166,0.6841678845412735,0.32058782651652384,0.26516971471636946,0.1433047593557722
test,masc_c,7LxaBTbauCs,75,38,314,0.12016666666666666,0.09163888888888891,0.061666666666666675,0.8710391402244568,0.25477707006369427,0.20974511816988428,0.7436391389323398,0.76,0.6522102034171384,0.38506106785207106,0.5066666666666667,0.39598184412213266,0.8073391395783983,0.6477387962128807,0.31969164132223005,0.25649280303382677,0.13679790618733195
test,qasr,F0040AEA-F2BB-4AE7-925F-ABEA61709DBC,214,103,707,0.2261751388888889,0.14210847222222223,0.10490011111111111,0.8858739903597074,0.38048090523338046,0.3454295900897592,0.6407897896107524,0.6448598130841121,0.5787035200907037,0.43780330905687787,0.48130841121495327,0.41528552523143536,0.7633318899852299,0.5676590079042346,0.3170006848584204,0.23574056924986558,0.1999013197284325
test,qasr,C03498B4-703C-4A59-8F53-7DC9251659EF,335,156,785,0.3131361666666666,0.19931113888888888,0.14852780555555553,0.9141383542943357,0.5643312101910828,0.5294140873547912,0.6198414821138626,0.6477611940298508,0.5951975084804166,0.418112820114038,0.46567164179104475,0.4129463037521834,0.7669899182040991,0.5666208723829282,0.3167256517375722,0.23398399487936783,0.3151059457480054
test,qasr,9CB3BF07-A488-4D83-8E87-9174644894A8,224,106,453,0.28410844444444444,0.18613344444444438,0.13875005555555556,0.9036764002272061,0.5607064017660044,0.5146818397838497,0.6453689856206049,0.6607142857142857,0.5964654790747936,0.41604147467065516,0.4732142857142857,0.4088329305148072,0.7745226929239055,0.5832047217439117,0.3166503822983004,0.2384332954806361,0.30698995013777014
